FlightPlanID,DronePortID,ETD,ETD_Seconds,OriginLat,OriginLon,OriginNodeID,DestinationLat,DestinationLon,DestinationNodeID,DroneModel,EstimatedFlightTime,Ceiling
FP000001,DP4,01:00:03,3603,40.77972557381685,-73.95364967224107,L0_X9_Y6,40.76602401683185,-73.9697506999255,L0_X4_Y5,Heavy Quadcopter,3.496257021455823,400.0
FP000002,DP5,01:00:22,3622,40.78752993194298,-73.9806349536158,L0_X8_Y0,40.79888095349351,-73.94983306788735,L0_X14_Y4,Heavy Quadcopter,4.943761073627247,400.0
FP000003,DP4,01:00:23,3623,40.77972557381685,-73.95364967224107,L0_X9_Y6,40.79524429056968,-73.94164007604267,L0_X14_Y6,Heavy Quadcopter,3.428571428572747,400.0
FP000004,DP2,01:01:14,3674,40.75178874853821,-73.97525281062195,L0_X0_Y6,40.77533614275213,-73.9625487842263,L0_X7_Y5,Heavy Quadcopter,4.848890696799758,400.0
FP000005,DP4,01:01:49,3709,40.77972557381685,-73.95364967224107,L0_X9_Y6,40.79138798729329,-73.96113692414926,L0_X11_Y3,Heavy Quadcopter,2.4718184675303534,400.0
FP000006,DP5,01:01:57,3717,40.78752993194298,-73.9806349536158,L0_X8_Y0,40.785933209920714,-73.94884650730775,L0_X11_Y6,Heavy Quadcopter,4.5980204752799665,400.0
FP000007,DP4,01:02:01,3721,40.77972557381685,-73.95364967224107,L0_X9_Y6,40.777154401997,-73.96664585306185,L0_X7_Y4,Heavy Quadcopter,1.9389041526475368,400.0
FP000008,DP2,01:02:06,3726,40.75178874853821,-73.97525281062195,L0_X0_Y6,40.78025834443931,-73.9642447000679,L0_X8_Y4,Heavy Quadcopter,5.6547933580810925,400.0
FP000009,DP4,01:02:07,3727,40.77972557381685,-73.95364967224107,L0_X9_Y6,40.75360715276483,-73.97935011519063,L0_X0_Y5,Heavy Quadcopter,6.209216011409355,400.0
FP000010,DP2,01:02:35,3755,40.75178874853821,-73.97525281062195,L0_X0_Y6,40.77950431799445,-73.98133953022825,L0_X6_Y1,Heavy Quadcopter,5.355722737427237,400.0
FP000011,DP2,01:02:40,3760,40.75178874853821,-73.97525281062195,L0_X0_Y6,40.77533614275213,-73.9625487842263,L0_X7_Y5,Heavy Quadcopter,4.848890696799758,400.0
FP000012,DP2,01:02:56,3776,40.75178874853821,-73.97525281062195,L0_X0_Y6,40.79888095349351,-73.94983306788735,L0_X14_Y4,Heavy Quadcopter,9.697717992868107,400.0
FP000013,DP2,01:02:58,3778,40.75178874853821,-73.97525281062195,L0_X0_Y6,40.76730970436203,-73.96325330943415,L0_X5_Y6,Heavy Quadcopter,3.4285714285733735,400.0
FP000014,DP4,01:02:59,3779,40.77972557381685,-73.95364967224107,L0_X9_Y6,40.787529931942984,-73.9806349536158,L0_X8_Y0,Heavy Quadcopter,4.1693311032822775,400.0
FP000015,DP2,01:03:28,3808,40.75178874853821,-73.97525281062195,L0_X0_Y6,40.77586852413602,-73.97314414039505,L0_X6_Y3,Heavy Quadcopter,4.600169014968259,400.0
FP000016,DP4,01:03:46,3826,40.77972557381685,-73.95364967224107,L0_X9_Y6,40.79684146022382,-73.97342935814612,L0_X11_Y0,Heavy Quadcopter,4.335197022443148,400.0
FP000017,DP2,01:03:59,3839,40.75178874853821,-73.97525281062195,L0_X0_Y6,40.76966039050614,-73.97794545612722,L0_X4_Y3,Heavy Quadcopter,3.42880196966423,400.0
FP000018,DP4,01:04:02,3842,40.77972557381685,-73.95364967224107,L0_X9_Y6,40.78828419423568,-73.96353881635659,L0_X10_Y3,Heavy Quadcopter,2.167689813227749,400.0
FP000019,DP5,01:04:13,3853,40.78752993194298,-73.9806349536158,L0_X8_Y0,40.78154397791421,-73.95774638539304,L0_X9_Y5,Heavy Quadcopter,3.4950571241893464,400.0
FP000020,DP4,01:04:22,3862,40.77972557381685,-73.95364967224107,L0_X9_Y6,40.75906149595441,-73.99164337364796,L0_X0_Y2,Heavy Quadcopter,6.752800193088105,400.0
FP000021,DP5,01:04:26,3866,40.78752993194298,-73.9806349536158,L0_X8_Y0,40.78881614509582,-73.97413547921235,L0_X9_Y1,Heavy Quadcopter,0.9695425818980936,400.0
FP000022,DP4,01:04:40,3880,40.77972557381685,-73.95364967224107,L0_X9_Y6,40.79524429056968,-73.94164007604267,L0_X14_Y6,Heavy Quadcopter,3.428571428572747,400.0
FP000023,DP5,01:04:48,3888,40.78752993194298,-73.9806349536158,L0_X8_Y0,40.78903695328138,-73.94644458811004,L0_X12_Y6,Heavy Quadcopter,4.9428372105981495,400.0
FP000024,DP5,01:05:26,3926,40.78752993194298,-73.9806349536158,L0_X8_Y0,40.77458245161872,-73.97964255899865,L0_X5_Y2,Heavy Quadcopter,2.4722003429538364,400.0
FP000025,DP5,01:05:38,3938,40.78752993194298,-73.9806349536158,L0_X8_Y0,40.78389442810161,-73.97243937856285,L0_X8_Y2,Heavy Quadcopter,1.370916015420077,400.0
FP000026,DP4,01:05:50,3950,40.77972557381685,-73.95364967224107,L0_X9_Y6,40.79395905079124,-73.94813889413503,L0_X13_Y5,Heavy Quadcopter,2.827357852705254,400.0
FP000027,DP5,01:06:00,3960,40.78752993194298,-73.9806349536158,L0_X8_Y0,40.79630969977819,-73.96283199537866,L0_X12_Y2,Heavy Quadcopter,3.066263717524371,400.0
FP000028,DP4,01:06:14,3974,40.77972557381685,-73.95364967224107,L0_X9_Y6,40.78646607999299,-73.95944172078832,L0_X10_Y4,Heavy Quadcopter,1.5329027806734985,400.0
FP000029,DP4,01:06:47,4007,40.77972557381685,-73.95364967224107,L0_X9_Y6,40.75981568421803,-73.97455085584699,L0_X2_Y5,Heavy Quadcopter,4.848532973400664,400.0
FP000030,DP2,01:07:03,4023,40.75178874853821,-73.97525281062195,L0_X0_Y6,40.782829416762496,-73.95124820200411,L0_X10_Y6,Heavy Quadcopter,6.857142857143199,400.0
FP000031,DP5,01:07:05,4025,40.78752993194298,-73.9806349536158,L0_X8_Y0,40.777154401997,-73.96664585306185,L0_X7_Y4,Heavy Quadcopter,2.8264023438887302,400.0
FP000032,DP4,01:07:12,4032,40.77972557381685,-73.95364967224107,L0_X9_Y6,40.79267361637135,-73.95463784350675,L0_X12_Y4,Heavy Quadcopter,2.4722714537835806,400.0
FP000033,DP2,01:07:30,4050,40.75178874853821,-73.97525281062195,L0_X0_Y6,40.794491730543776,-73.95873480737892,L0_X12_Y3,Heavy Quadcopter,8.48209683244937,400.0
FP000034,DP4,01:07:32,4052,40.77972557381685,-73.95364967224107,L0_X9_Y6,40.78260831013804,-73.97893840433984,L0_X7_Y1,Heavy Quadcopter,3.6912868195660558,400.0
FP000035,DP4,01:07:33,4053,40.77972557381685,-73.95364967224107,L0_X9_Y6,40.79684146022382,-73.97342935814612,L0_X11_Y0,Heavy Quadcopter,4.335197022443148,400.0
FP000036,DP2,01:07:38,4058,40.75178874853821,-73.97525281062195,L0_X0_Y6,40.77276448219434,-73.97554491041676,L0_X5_Y3,Heavy Quadcopter,3.9986141200003007,400.0
FP000037,DP5,01:07:42,4062,40.78752993194298,-73.9806349536158,L0_X8_Y0,40.75981568421803,-73.97455085584699,L0_X2_Y5,Heavy Quadcopter,5.355394706885967,400.0
FP000038,DP5,01:07:48,4068,40.78752993194298,-73.9806349536158,L0_X8_Y0,40.79502378088036,-73.96933165600414,L0_X11_Y1,Heavy Quadcopter,2.1683075455079845,400.0
FP000039,DP5,01:08:00,4080,40.78752993194298,-73.9806349536158,L0_X8_Y0,40.76966039050614,-73.97794545612722,L0_X4_Y3,Heavy Quadcopter,3.4283408112713922,400.0
FP000040,DP5,01:08:08,4088,40.78752993194298,-73.9806349536158,L0_X8_Y0,40.77533614275213,-73.9625487842263,L0_X7_Y5,Heavy Quadcopter,3.4953712618238777,400.0
FP000041,DP2,01:08:11,4091,40.75178874853821,-73.97525281062195,L0_X0_Y6,40.79759542397701,-73.95633246600357,L0_X13_Y3,Heavy Quadcopter,9.148850410060126,400.0
FP000042,DP4,01:08:12,4092,40.77972557381685,-73.95364967224107,L0_X9_Y6,40.767842276129386,-73.97384796596381,L0_X4_Y4,Heavy Quadcopter,3.6922325382147516,400.0
FP000043,DP4,01:08:17,4097,40.77972557381685,-73.95364967224107,L0_X9_Y6,40.75852970266277,-73.98104806062648,L0_X1_Y4,Heavy Quadcopter,5.654156554633272,400.0
FP000044,DP5,01:08:36,4116,40.78752993194298,-73.9806349536158,L0_X8_Y0,40.79888095349351,-73.94983306788735,L0_X14_Y4,Heavy Quadcopter,4.943761073627247,400.0
FP000045,DP2,01:08:40,4120,40.75178874853821,-73.97525281062195,L0_X0_Y6,40.77094636783194,-73.97144748596789,L0_X5_Y4,Heavy Quadcopter,3.6929222692418473,400.0
FP000046,DP5,01:08:47,4127,40.78752993194298,-73.9806349536158,L0_X8_Y0,40.77586852413602,-73.97314414039505,L0_X6_Y3,Heavy Quadcopter,2.471898296574755,400.0
FP000047,DP5,01:08:48,4128,40.78752993194298,-73.9806349536158,L0_X8_Y0,40.78775161395421,-73.95294308880786,L0_X11_Y5,Heavy Quadcopter,3.9968563739884337,400.0
FP000048,DP2,01:08:55,4135,40.75178874853821,-73.97525281062195,L0_X0_Y6,40.78903695328138,-73.94644458811004,L0_X12_Y6,Heavy Quadcopter,8.22857142857112,400.0
FP000049,DP4,01:08:57,4137,40.77972557381685,-73.95364967224107,L0_X9_Y6,40.79085535727815,-73.9505411037534,L0_X12_Y5,Heavy Quadcopter,2.1684797220643524,400.0
FP000050,DP4,01:09:00,4140,40.77972557381685,-73.95364967224107,L0_X9_Y6,40.75852970266277,-73.98104806062648,L0_X1_Y4,Heavy Quadcopter,5.654156554633272,400.0
FP000051,DP5,01:09:20,4160,40.78752993194298,-73.9806349536158,L0_X8_Y0,40.765270027388475,-73.9868437204482,L0_X2_Y2,Heavy Quadcopter,4.336797409958595,400.0
FP000052,DP5,01:09:21,4161,40.78752993194298,-73.9806349536158,L0_X8_Y0,40.77458245161872,-73.97964255899865,L0_X5_Y2,Heavy Quadcopter,2.4722003429538364,400.0
FP000053,DP5,01:09:24,4164,40.78752993194298,-73.9806349536158,L0_X8_Y0,40.80123121741077,-73.96452693437932,L0_X13_Y1,Heavy Quadcopter,3.496388859069348,400.0
FP000054,DP5,01:09:54,4194,40.78752993194298,-73.9806349536158,L0_X8_Y0,40.79373766726678,-73.9758314478714,L0_X10_Y0,Heavy Quadcopter,1.371428571428579,400.0
FP000055,DP4,01:10:13,4213,40.77972557381685,-73.95364967224107,L0_X9_Y6,40.803048896677566,-73.96862450477941,L0_X13_Y0,Heavy Quadcopter,4.943316842015697,400.0
FP000056,DP5,01:10:13,4213,40.78752993194298,-73.9806349536158,L0_X8_Y0,40.7919199878898,-73.97173367988933,L0_X10_Y1,Heavy Quadcopter,1.5331605049675738,400.0
FP000057,DP5,01:10:19,4219,40.78752993194298,-73.9806349536158,L0_X8_Y0,40.765270027388475,-73.9868437204482,L0_X2_Y2,Heavy Quadcopter,4.336797409958595,400.0
FP000058,DP4,01:10:23,4223,40.77972557381685,-73.95364967224107,L0_X9_Y6,40.76034781706346,-73.98514574781025,L0_X1_Y3,Heavy Quadcopter,5.85817200862609,400.0
FP000059,DP5,01:10:23,4223,40.78752993194298,-73.9806349536158,L0_X8_Y0,40.80123121741077,-73.96452693437932,L0_X13_Y1,Heavy Quadcopter,3.496388859069348,400.0
FP000060,DP4,01:10:56,4256,40.77972557381685,-73.95364967224107,L0_X9_Y6,40.76163394353471,-73.97864825325121,L0_X2_Y4,Heavy Quadcopter,4.9916707066168415,400.0
FP000061,DP5,01:11:14,4274,40.78752993194298,-73.9806349536158,L0_X8_Y0,40.768374218531434,-73.98444355756025,L0_X3_Y2,Heavy Quadcopter,3.692613059010985,400.0
FP000062,DP5,01:11:22,4282,40.78752993194298,-73.9806349536158,L0_X8_Y0,40.79577730984451,-73.95223556801028,L0_X13_Y4,Heavy Quadcopter,4.389673279648651,400.0
FP000063,DP2,01:11:41,4301,40.75178874853821,-73.97525281062195,L0_X0_Y6,40.778972516321105,-73.97074314602013,L0_X7_Y3,Heavy Quadcopter,5.222509282331567,400.0
FP000064,DP4,01:11:52,4312,40.77972557381685,-73.95364967224107,L0_X9_Y6,40.77019204302611,-73.98854156169558,L0_X3_Y1,Heavy Quadcopter,5.354554214477513,400.0
FP000065,DP5,01:11:55,4315,40.78752993194298,-73.9806349536158,L0_X8_Y0,40.777154401997,-73.96664585306185,L0_X7_Y4,Heavy Quadcopter,2.8264023438887302,400.0
FP000066,DP2,01:12:03,4323,40.75178874853821,-73.97525281062195,L0_X0_Y6,40.784425989596436,-73.98303636971889,L0_X7_Y0,Heavy Quadcopter,6.321973255947276,400.0
FP000067,DP5,01:12:16,4336,40.78752993194298,-73.9806349536158,L0_X8_Y0,40.80069906758288,-73.95392989998119,L0_X14_Y3,Heavy Quadcopter,4.599309639090808,400.0
FP000068,DP4,01:12:34,4354,40.77972557381685,-73.95364967224107,L0_X9_Y6,40.78571225250854,-73.9765370540152,L0_X8_Y1,Heavy Quadcopter,3.4950258371614606,400.0
FP000069,DP2,01:12:45,4365,40.75178874853821,-73.97525281062195,L0_X0_Y6,40.757243526490164,-73.98754539669487,L0_X0_Y3,Heavy Quadcopter,2.057142857145578,400.0
FP000070,DP2,01:12:48,4368,40.75178874853821,-73.97525281062195,L0_X0_Y6,40.764738134693616,-73.97624822171096,L0_X3_Y4,Heavy Quadcopter,2.4725911485019725,400.0
FP000071,DP2,01:13:04,4384,40.75178874853821,-73.97525281062195,L0_X0_Y6,40.77094636783194,-73.97144748596789,L0_X5_Y4,Heavy Quadcopter,3.6929222692418473,400.0
FP000072,DP4,01:13:04,4384,40.77972557381685,-73.95364967224107,L0_X9_Y6,40.785933209920714,-73.94884650730775,L0_X11_Y6,Heavy Quadcopter,1.3714285714292747,400.0
FP000073,DP4,01:13:17,4397,40.77972557381685,-73.95364967224107,L0_X9_Y6,40.79010216354035,-73.96763613605397,L0_X10_Y2,Heavy Quadcopter,2.8262160214932663,400.0
FP000074,DP2,01:13:21,4401,40.75178874853821,-73.97525281062195,L0_X0_Y6,40.77844008521837,-73.96014769700768,L0_X8_Y5,Heavy Quadcopter,5.528564168688352,400.0
FP000075,DP4,01:13:29,4409,40.77972557381685,-73.95364967224107,L0_X9_Y6,40.768374218531434,-73.98444355756025,L0_X3_Y2,Heavy Quadcopter,4.943903407895441,400.0
FP000076,DP2,01:13:31,4411,40.75178874853821,-73.97525281062195,L0_X0_Y6,40.797062694483365,-73.94573645991079,L0_X14_Y5,Heavy Quadcopter,9.62461832161706,400.0
FP000077,DP5,01:14:05,4445,40.78752993194298,-73.9806349536158,L0_X8_Y0,40.75360715276483,-73.97935011519063,L0_X0_Y5,Heavy Quadcopter,6.46901555700291,400.0
FP000078,DP4,01:14:07,4447,40.77972557381685,-73.95364967224107,L0_X9_Y6,40.765270027388475,-73.9868437204482,L0_X2_Y2,Heavy Quadcopter,5.527610931510424,400.0
FP000079,DP5,01:14:41,4481,40.78752993194298,-73.9806349536158,L0_X8_Y0,40.78518035138104,-73.96594048404285,L0_X9_Y3,Heavy Quadcopter,2.16759844882029,400.0
FP000080,DP5,01:14:48,4488,40.78752993194298,-73.9806349536158,L0_X8_Y0,40.79267361637135,-73.95463784350675,L0_X12_Y4,Heavy Quadcopter,3.8778986055011164,400.0
FP000081,DP5,01:15:05,4505,40.78752993194298,-73.9806349536158,L0_X8_Y0,40.77972557381685,-73.95364967224107,L0_X9_Y6,Heavy Quadcopter,4.169331103281845,400.0
FP000082,DP4,01:15:20,4520,40.77972557381685,-73.95364967224107,L0_X9_Y6,40.78775161395421,-73.95294308880786,L0_X11_Y5,Heavy Quadcopter,1.5333180833673183,400.0
FP000083,DP2,01:15:27,4527,40.75178874853821,-73.97525281062195,L0_X0_Y6,40.76216578652611,-73.98924365913014,L0_X1_Y2,Heavy Quadcopter,2.8273345621330135,400.0
FP000084,DP5,01:15:27,4527,40.78752993194298,-73.9806349536158,L0_X8_Y0,40.778972516321105,-73.97074314602013,L0_X7_Y3,Heavy Quadcopter,2.1677808127259737,400.0
FP000085,DP5,01:15:29,4529,40.78752993194298,-73.9806349536158,L0_X8_Y0,40.767842276129386,-73.97384796596381,L0_X4_Y4,Heavy Quadcopter,3.8786234027862623,400.0
FP000086,DP5,01:16:16,4576,40.78752993194298,-73.9806349536158,L0_X8_Y0,40.793205956564435,-73.96523417800812,L0_X11_Y2,Heavy Quadcopter,2.4719871221136867,400.0
FP000087,DP2,01:16:23,4583,40.75178874853821,-73.97525281062195,L0_X0_Y6,40.7919199878898,-73.97173367988933,L0_X10_Y1,Heavy Quadcopter,7.666661899891657,400.0
FP000088,DP2,01:16:28,4588,40.75178874853821,-73.97525281062195,L0_X0_Y6,40.77586852413602,-73.97314414039505,L0_X6_Y3,Heavy Quadcopter,4.600169014968259,400.0
FP000089,DP4,01:16:34,4594,40.77972557381685,-73.95364967224107,L0_X9_Y6,40.79577730984451,-73.95223556801028,L0_X13_Y4,Heavy Quadcopter,3.0665788725825998,400.0
FP000090,DP2,01:16:40,4600,40.75178874853821,-73.97525281062195,L0_X0_Y6,40.77329618442839,-73.98614110886417,L0_X4_Y1,Heavy Quadcopter,4.3908137640887315,400.0
FP000091,DP4,01:16:48,4608,40.77972557381685,-73.95364967224107,L0_X9_Y6,40.798127524057385,-73.96692940751481,L0_X12_Y1,Heavy Quadcopter,3.9972135042986694,400.0
FP000092,DP4,01:16:56,4616,40.77972557381685,-73.95364967224107,L0_X9_Y6,40.793205956564435,-73.96523417800812,L0_X11_Y2,Heavy Quadcopter,3.0656908592843073,400.0
FP000093,DP4,01:17:04,4624,40.77972557381685,-73.95364967224107,L0_X9_Y6,40.76216578652611,-73.98924365913014,L0_X1_Y2,Heavy Quadcopter,6.132470338876946,400.0
FP000094,DP5,01:17:09,4629,40.78752993194298,-73.9806349536158,L0_X8_Y0,40.782076458739475,-73.96834192725004,L0_X8_Y3,Heavy Quadcopter,2.056374058287888,400.0
FP000095,DP2,01:17:58,4678,40.75178874853821,-73.97525281062195,L0_X0_Y6,40.777154401997,-73.96664585306185,L0_X7_Y4,Heavy Quadcopter,4.992321646186195,400.0
FP000096,DP2,01:18:03,4683,40.75178874853821,-73.97525281062195,L0_X0_Y6,40.76602401683185,-73.9697506999255,L0_X4_Y5,Heavy Quadcopter,2.827427740586006,400.0
FP000097,DP5,01:18:26,4706,40.78752993194298,-73.9806349536158,L0_X8_Y0,40.767087851891134,-73.99094179025853,L0_X2_Y1,Heavy Quadcopter,4.171026629477285,400.0
FP000098,DP5,01:18:32,4712,40.78752993194298,-73.9806349536158,L0_X8_Y0,40.78699832071604,-73.97003786955823,L0_X9_Y2,Heavy Quadcopter,1.532788015304845,400.0
FP000099,DP2,01:18:35,4715,40.75178874853821,-73.97525281062195,L0_X0_Y6,40.75852970266277,-73.98104806062648,L0_X1_Y4,Heavy Quadcopter,1.5334183127609284,400.0
FP000100,DP5,01:18:43,4723,40.78752993194298,-73.9806349536158,L0_X8_Y0,40.75852970266277,-73.98104806062648,L0_X1_Y4,Heavy Quadcopter,5.52834171188305,400.0
FP000101,DP2,01:18:55,4735,40.75178874853821,-73.97525281062195,L0_X0_Y6,40.76730970436203,-73.96325330943415,L0_X5_Y6,Heavy Quadcopter,3.4285714285733735,400.0
FP000102,DP5,01:18:55,4735,40.78752993194298,-73.9806349536158,L0_X8_Y0,40.797062694483365,-73.94573645991079,L0_X14_Y5,Heavy Quadcopter,5.354164428431124,400.0
FP000103,DP5,01:18:56,4736,40.78752993194298,-73.9806349536158,L0_X8_Y0,40.78956987308414,-73.95703989441876,L0_X11_Y4,Heavy Quadcopter,3.4274439208440586,400.0
FP000104,DP2,01:19:32,4772,40.75178874853821,-73.97525281062195,L0_X0_Y6,40.77223215052555,-73.96494964709085,L0_X6_Y5,Heavy Quadcopter,4.171195077398571,400.0
FP000105,DP4,01:19:53,4793,40.77972557381685,-73.95364967224107,L0_X9_Y6,40.77458245161872,-73.97964255899865,L0_X5_Y2,Heavy Quadcopter,3.8779894185093973,400.0
FP000106,DP4,01:20:04,4804,40.77972557381685,-73.95364967224107,L0_X9_Y6,40.80615254015405,-73.96622174105397,L0_X14_Y0,Heavy Quadcopter,5.354270974405166,400.0
FP000107,DP5,01:20:05,4805,40.78752993194298,-73.9806349536158,L0_X8_Y0,40.75852970266277,-73.98104806062648,L0_X1_Y4,Heavy Quadcopter,5.52834171188305,400.0
FP000108,DP5,01:20:08,4808,40.78752993194298,-73.9806349536158,L0_X8_Y0,40.7919199878898,-73.97173367988933,L0_X10_Y1,Heavy Quadcopter,1.5331605049675738,400.0
FP000109,DP4,01:20:11,4811,40.77972557381685,-73.95364967224107,L0_X9_Y6,40.76602401683185,-73.9697506999255,L0_X4_Y5,Heavy Quadcopter,3.496257021455823,400.0
FP000110,DP5,01:20:22,4822,40.78752993194298,-73.9806349536158,L0_X8_Y0,40.79888095349351,-73.94983306788735,L0_X14_Y4,Heavy Quadcopter,4.943761073627247,400.0
FP000111,DP5,01:20:25,4825,40.78752993194298,-73.9806349536158,L0_X8_Y0,40.80123121741077,-73.96452693437932,L0_X13_Y1,Heavy Quadcopter,3.496388859069348,400.0
FP000112,DP4,01:20:48,4848,40.77972557381685,-73.95364967224107,L0_X9_Y6,40.77405040979117,-73.9690467816812,L0_X6_Y4,Heavy Quadcopter,2.47184514533917,400.0
FP000113,DP2,01:20:49,4849,40.75178874853821,-73.97525281062195,L0_X0_Y6,40.767842276129386,-73.97384796596381,L0_X4_Y4,Heavy Quadcopter,3.0668366206887168,400.0
FP000114,DP4,01:21:26,4886,40.77972557381685,-73.95364967224107,L0_X9_Y6,40.79063382450314,-73.97823331301397,L0_X9_Y0,Heavy Quadcopter,4.112556081261124,400.0
FP000115,DP2,01:21:45,4905,40.75178874853821,-73.97525281062195,L0_X0_Y6,40.79010216354035,-73.96763613605397,L0_X10_Y2,Heavy Quadcopter,7.38560667545374,400.0
FP000116,DP5,01:21:48,4908,40.78752993194298,-73.9806349536158,L0_X8_Y0,40.79138798729329,-73.96113692414926,L0_X11_Y3,Heavy Quadcopter,2.9084918819276453,400.0
FP000117,DP2,01:21:52,4912,40.75178874853821,-73.97525281062195,L0_X0_Y6,40.76110147117264,-73.96805378236492,L0_X3_Y6,Heavy Quadcopter,2.057142857142027,400.0
FP000118,DP5,01:22:12,4932,40.78752993194298,-73.9806349536158,L0_X8_Y0,40.75799727999779,-73.97045368256057,L0_X2_Y6,Heavy Quadcopter,5.818206858079511,400.0
FP000119,DP5,01:22:13,4933,40.78752993194298,-73.9806349536158,L0_X8_Y0,40.79524429056968,-73.94164007604267,L0_X14_Y6,Heavy Quadcopter,5.816576213345974,400.0
FP000120,DP2,01:22:28,4948,40.75178874853821,-73.97525281062195,L0_X0_Y6,40.784425989596436,-73.98303636971889,L0_X7_Y0,Heavy Quadcopter,6.321973255947276,400.0
FP000121,DP5,01:22:50,4970,40.78752993194298,-73.9806349536158,L0_X8_Y0,40.75906149595441,-73.99164337364796,L0_X0_Y2,Heavy Quadcopter,5.654544844005477,400.0
FP000122,DP2,01:23:28,5008,40.75178874853821,-73.97525281062195,L0_X0_Y6,40.76163394353471,-73.97864825325121,L0_X2_Y4,Heavy Quadcopter,1.9396740127187997,400.0
FP000123,DP4,01:24:01,5041,40.77972557381685,-73.95364967224107,L0_X9_Y6,40.764738134693616,-73.97624822171096,L0_X3_Y4,Heavy Quadcopter,4.336412653404345,400.0
FP000124,DP4,01:24:40,5080,40.77972557381685,-73.95364967224107,L0_X9_Y6,40.79085535727815,-73.9505411037534,L0_X12_Y5,Heavy Quadcopter,2.1684797220643524,400.0
FP000125,DP2,01:25:01,5101,40.75178874853821,-73.97525281062195,L0_X0_Y6,40.76216578652611,-73.98924365913014,L0_X1_Y2,Heavy Quadcopter,2.8273345621330135,400.0
FP000126,DP2,01:25:28,5128,40.75178874853821,-73.97525281062195,L0_X0_Y6,40.78699832071604,-73.97003786955823,L0_X9_Y2,Heavy Quadcopter,6.753736540090526,400.0
FP000127,DP2,01:25:36,5136,40.75178874853821,-73.97525281062195,L0_X0_Y6,40.765270027388475,-73.9868437204482,L0_X2_Y2,Heavy Quadcopter,3.066722075740752,400.0
FP000128,DP5,01:26:38,5198,40.78752993194298,-73.9806349536158,L0_X8_Y0,40.77223215052555,-73.96494964709085,L0_X6_Y5,Heavy Quadcopter,3.6917923065783786,400.0
FP000129,DP5,01:26:45,5205,40.78752993194298,-73.9806349536158,L0_X8_Y0,40.802517036734244,-73.95802695620101,L0_X14_Y2,Heavy Quadcopter,4.336554319664431,400.0
FP000130,DP5,01:26:47,5207,40.78752993194298,-73.9806349536158,L0_X8_Y0,40.777154401997,-73.96664585306185,L0_X7_Y4,Heavy Quadcopter,2.8264023438887302,400.0
FP000131,DP2,01:26:55,5215,40.75178874853821,-73.97525281062195,L0_X0_Y6,40.77041374635636,-73.96085273661522,L0_X6_Y6,Heavy Quadcopter,4.1142857142848035,400.0
FP000132,DP5,01:26:57,5217,40.78752993194298,-73.9806349536158,L0_X8_Y0,40.76602401683185,-73.9697506999255,L0_X4_Y5,Heavy Quadcopter,4.3902135695109905,400.0
FP000133,DP4,01:27:52,5272,40.77972557381685,-73.95364967224107,L0_X9_Y6,40.76345205793061,-73.98274587478204,L0_X2_Y3,Heavy Quadcopter,5.221638949922884,400.0
FP000134,DP4,01:28:00,5280,40.77972557381685,-73.95364967224107,L0_X9_Y6,40.792140646834405,-73.94404244436902,L0_X13_Y6,Heavy Quadcopter,2.7428571428571296,400.0
FP000135,DP2,01:28:04,5284,40.75178874853821,-73.97525281062195,L0_X0_Y6,40.79085535727815,-73.9505411037534,L0_X12_Y5,Heavy Quadcopter,8.25725296323598,400.0
FP000136,DP4,01:28:13,5293,40.77972557381685,-73.95364967224107,L0_X9_Y6,40.771478359944865,-73.98204317042439,L0_X4_Y2,Heavy Quadcopter,4.389793542592897,400.0
FP000137,DP4,01:28:15,5295,40.77972557381685,-73.95364967224107,L0_X9_Y6,40.78260831013804,-73.97893840433984,L0_X7_Y1,Heavy Quadcopter,3.6912868195660558,400.0
FP000138,DP4,01:29:02,5342,40.77972557381685,-73.95364967224107,L0_X9_Y6,40.76110147117264,-73.96805378236492,L0_X3_Y6,Heavy Quadcopter,4.114285714285906,400.0
FP000139,DP5,01:29:25,5365,40.78752993194298,-73.9806349536158,L0_X8_Y0,40.778972516321105,-73.97074314602013,L0_X7_Y3,Heavy Quadcopter,2.1677808127259737,400.0
FP000140,DP4,01:29:43,5383,40.77972557381685,-73.95364967224107,L0_X9_Y6,40.767842276129386,-73.97384796596381,L0_X4_Y4,Heavy Quadcopter,3.6922325382147516,400.0
FP000141,DP2,01:29:50,5390,40.75178874853821,-73.97525281062195,L0_X0_Y6,40.76034781706346,-73.98514574781025,L0_X1_Y3,Heavy Quadcopter,2.1685101013394745,400.0
FP000142,DP4,01:29:55,5395,40.77972557381685,-73.95364967224107,L0_X9_Y6,40.77041374635636,-73.96085273661522,L0_X6_Y6,Heavy Quadcopter,2.0571428571431296,400.0
FP000143,DP4,01:30:06,5406,40.77972557381685,-73.95364967224107,L0_X9_Y6,40.78389442810161,-73.97243937856285,L0_X8_Y2,Heavy Quadcopter,2.826091743304844,400.0
FP000144,DP5,01:30:19,5419,40.78752993194298,-73.9806349536158,L0_X8_Y0,40.75542541208789,-73.98344764387868,L0_X0_Y4,Heavy Quadcopter,6.133214972420506,400.0
FP000145,DP2,01:30:20,5420,40.75178874853821,-73.97525281062195,L0_X0_Y6,40.79684146022382,-73.97342935814612,L0_X11_Y0,Heavy Quadcopter,8.591975216737648,400.0
FP000146,DP5,01:30:21,5421,40.78752993194298,-73.9806349536158,L0_X8_Y0,40.797062694483365,-73.94573645991079,L0_X14_Y5,Heavy Quadcopter,5.354164428431124,400.0
FP000147,DP2,01:30:40,5440,40.75178874853821,-73.97525281062195,L0_X0_Y6,40.780790485707186,-73.97484066310983,L0_X7_Y2,Heavy Quadcopter,5.528627701366192,400.0
FP000148,DP2,01:30:57,5457,40.75178874853821,-73.97525281062195,L0_X0_Y6,40.76602401683185,-73.9697506999255,L0_X4_Y5,Heavy Quadcopter,2.827427740586006,400.0
FP000149,DP2,01:30:59,5459,40.75178874853821,-73.97525281062195,L0_X0_Y6,40.76291987538491,-73.97215088997942,L0_X3_Y5,Heavy Quadcopter,2.1685708424081174,400.0
FP000150,DP2,01:31:03,5463,40.75178874853821,-73.97525281062195,L0_X0_Y6,40.77844008521837,-73.96014769700768,L0_X8_Y5,Heavy Quadcopter,5.528564168688352,400.0
FP000151,DP5,01:31:08,5468,40.78752993194298,-73.9806349536158,L0_X8_Y0,40.78646607999299,-73.95944172078832,L0_X10_Y4,Heavy Quadcopter,3.0654615003305303,400.0
FP000152,DP5,01:31:10,5470,40.78752993194298,-73.9806349536158,L0_X8_Y0,40.78881614509582,-73.97413547921235,L0_X9_Y1,Heavy Quadcopter,0.9695425818980936,400.0
FP000153,DP4,01:32:41,5561,40.77972557381685,-73.95364967224107,L0_X9_Y6,40.77405040979117,-73.9690467816812,L0_X6_Y4,Heavy Quadcopter,2.47184514533917,400.0
FP000154,DP4,01:32:47,5567,40.77972557381685,-73.95364967224107,L0_X9_Y6,40.79085535727815,-73.9505411037534,L0_X12_Y5,Heavy Quadcopter,2.1684797220643524,400.0
FP000155,DP4,01:32:49,5569,40.77972557381685,-73.95364967224107,L0_X9_Y6,40.80069906758288,-73.95392989998119,L0_X14_Y3,Heavy Quadcopter,3.9981692910079754,400.0
FP000156,DP2,01:32:51,5571,40.75178874853821,-73.97525281062195,L0_X0_Y6,40.78646607999299,-73.95944172078832,L0_X10_Y4,Heavy Quadcopter,6.993192218497431,400.0
FP000157,DP4,01:33:30,5610,40.77972557381685,-73.95364967224107,L0_X9_Y6,40.782076458739475,-73.96834192725004,L0_X8_Y3,Heavy Quadcopter,2.1675075000309154,400.0
FP000158,DP2,01:33:51,5631,40.75178874853821,-73.97525281062195,L0_X0_Y6,40.79577730984451,-73.95223556801028,L0_X13_Y4,Heavy Quadcopter,9.019416434317007,400.0
FP000159,DP4,01:33:54,5634,40.77972557381685,-73.95364967224107,L0_X9_Y6,40.80433486093038,-73.96212423655568,L0_X14_Y1,Heavy Quadcopter,4.847826285213613,400.0
FP000160,DP5,01:34:08,5648,40.78752993194298,-73.9806349536158,L0_X8_Y0,40.79630969977819,-73.96283199537866,L0_X12_Y2,Heavy Quadcopter,3.066263717524371,400.0
FP000161,DP2,01:34:16,5656,40.75178874853821,-73.97525281062195,L0_X0_Y6,40.794491730543776,-73.95873480737892,L0_X12_Y3,Heavy Quadcopter,8.48209683244937,400.0
FP000162,DP4,01:34:19,5659,40.77972557381685,-73.95364967224107,L0_X9_Y6,40.78903695328138,-73.94644458811004,L0_X12_Y6,Heavy Quadcopter,2.057142857143188,400.0
FP000163,DP5,01:34:20,5660,40.78752993194298,-73.9806349536158,L0_X8_Y0,40.767087851891134,-73.99094179025853,L0_X2_Y1,Heavy Quadcopter,4.171026629477285,400.0
FP000164,DP5,01:34:32,5672,40.78752993194298,-73.9806349536158,L0_X8_Y0,40.76966039050614,-73.97794545612722,L0_X4_Y3,Heavy Quadcopter,3.4283408112713922,400.0
FP000165,DP4,01:34:40,5680,40.77972557381685,-73.95364967224107,L0_X9_Y6,40.76912810854876,-73.96735028564328,L0_X5_Y5,Heavy Quadcopter,2.827047220348951,400.0
FP000166,DP2,01:35:24,5724,40.75178874853821,-73.97525281062195,L0_X0_Y6,40.79502378088036,-73.96933165600414,L0_X11_Y1,Heavy Quadcopter,8.28566289924816,400.0
FP000167,DP5,01:35:24,5724,40.78752993194298,-73.9806349536158,L0_X8_Y0,40.80069906758288,-73.95392989998119,L0_X14_Y3,Heavy Quadcopter,4.599309639090808,400.0
FP000168,DP2,01:35:50,5750,40.75178874853821,-73.97525281062195,L0_X0_Y6,40.776621681093886,-73.95605091806061,L0_X8_Y6,Heavy Quadcopter,5.485714285715962,400.0
FP000169,DP4,01:35:50,5750,40.77972557381685,-73.95364967224107,L0_X9_Y6,40.77019204302611,-73.98854156169558,L0_X3_Y1,Heavy Quadcopter,5.354554214477513,400.0
FP000170,DP2,01:36:17,5777,40.75178874853821,-73.97525281062195,L0_X0_Y6,40.78699832071604,-73.97003786955823,L0_X9_Y2,Heavy Quadcopter,6.753736540090526,400.0
FP000171,DP5,01:36:17,5777,40.78752993194298,-73.9806349536158,L0_X8_Y0,40.77950431799445,-73.98133953022825,L0_X6_Y1,Heavy Quadcopter,1.533217806659594,400.0
FP000172,DP4,01:36:24,5784,40.77972557381685,-73.95364967224107,L0_X9_Y6,40.783362237108015,-73.96184332265736,L0_X9_Y4,Heavy Quadcopter,1.3708521325771346,400.0
FP000173,DP2,01:36:31,5791,40.75178874853821,-73.97525281062195,L0_X0_Y6,40.794491730543776,-73.95873480737892,L0_X12_Y3,Heavy Quadcopter,8.48209683244937,400.0
FP000174,DP5,01:36:39,5799,40.78752993194298,-73.9806349536158,L0_X8_Y0,40.76655624908154,-73.98034577756833,L0_X3_Y3,Heavy Quadcopter,3.998218692274958,400.0
FP000175,DP5,01:36:45,5805,40.78752993194298,-73.9806349536158,L0_X8_Y0,40.765270027388475,-73.9868437204482,L0_X2_Y2,Heavy Quadcopter,4.336797409958595,400.0
FP000176,DP4,01:36:55,5815,40.77972557381685,-73.95364967224107,L0_X9_Y6,40.75852970266277,-73.98104806062648,L0_X1_Y4,Heavy Quadcopter,5.654156554633272,400.0
FP000177,DP2,01:37:11,5831,40.75178874853821,-73.97525281062195,L0_X0_Y6,40.75906149595441,-73.99164337364796,L0_X0_Y2,Heavy Quadcopter,2.742857142855543,400.0
FP000178,DP2,01:37:14,5834,40.75178874853821,-73.97525281062195,L0_X0_Y6,40.80433486093038,-73.96212423655568,L0_X14_Y1,Heavy Quadcopter,10.194026361174092,400.0
FP000179,DP5,01:38:52,5932,40.78752993194298,-73.9806349536158,L0_X8_Y0,40.767087851891134,-73.99094179025853,L0_X2_Y1,Heavy Quadcopter,4.171026629477285,400.0
FP000180,DP5,01:38:53,5933,40.78752993194298,-73.9806349536158,L0_X8_Y0,40.79395905079124,-73.94813889413503,L0_X13_Y5,Heavy Quadcopter,4.847260048399761,400.0
FP000181,DP4,01:39:00,5940,40.77972557381685,-73.95364967224107,L0_X9_Y6,40.78260831013804,-73.97893840433984,L0_X7_Y1,Heavy Quadcopter,3.6912868195660558,400.0
FP000182,DP5,01:39:04,5944,40.78752993194298,-73.9806349536158,L0_X8_Y0,40.76602401683185,-73.9697506999255,L0_X4_Y5,Heavy Quadcopter,4.3902135695109905,400.0
FP000183,DP2,01:39:15,5955,40.75178874853821,-73.97525281062195,L0_X0_Y6,40.77405040979117,-73.9690467816812,L0_X6_Y4,Heavy Quadcopter,4.337080939255154,400.0
FP000184,DP2,01:39:25,5965,40.75178874853821,-73.97525281062195,L0_X0_Y6,40.79630969977819,-73.96283199537866,L0_X12_Y2,Heavy Quadcopter,8.673918827042987,400.0
FP000185,DP5,01:39:31,5971,40.78752993194298,-73.9806349536158,L0_X8_Y0,40.75906149595441,-73.99164337364796,L0_X0_Y2,Heavy Quadcopter,5.654544844005477,400.0
FP000186,DP5,01:39:32,5972,40.78752993194298,-73.9806349536158,L0_X8_Y0,40.78699832071604,-73.97003786955823,L0_X9_Y2,Heavy Quadcopter,1.532788015304845,400.0
FP000187,DP5,01:39:52,5992,40.78752993194298,-73.9806349536158,L0_X8_Y0,40.75360715276483,-73.97935011519063,L0_X0_Y5,Heavy Quadcopter,6.46901555700291,400.0
FP000188,DP5,01:39:58,5998,40.78752993194298,-73.9806349536158,L0_X8_Y0,40.78903695328138,-73.94644458811004,L0_X12_Y6,Heavy Quadcopter,4.9428372105981495,400.0
FP000189,DP5,01:40:01,6001,40.78752993194298,-73.9806349536158,L0_X8_Y0,40.782076458739475,-73.96834192725004,L0_X8_Y3,Heavy Quadcopter,2.056374058287888,400.0
FP000190,DP5,01:40:45,6045,40.78752993194298,-73.9806349536158,L0_X8_Y0,40.76655624908154,-73.98034577756833,L0_X3_Y3,Heavy Quadcopter,3.998218692274958,400.0
FP000191,DP4,01:41:32,6092,40.77972557381685,-73.95364967224107,L0_X9_Y6,40.79888095349351,-73.94983306788735,L0_X14_Y4,Heavy Quadcopter,3.6927082176468415,400.0
FP000192,DP2,01:42:11,6131,40.75178874853821,-73.97525281062195,L0_X0_Y6,40.80123121741077,-73.96452693437932,L0_X13_Y1,Heavy Quadcopter,9.551044134674855,400.0
FP000193,DP5,01:42:12,6132,40.78752993194298,-73.9806349536158,L0_X8_Y0,40.79502378088036,-73.96933165600414,L0_X11_Y1,Heavy Quadcopter,2.1683075455079845,400.0
FP000194,DP2,01:43:00,6180,40.75178874853821,-73.97525281062195,L0_X0_Y6,40.80433486093038,-73.96212423655568,L0_X14_Y1,Heavy Quadcopter,10.194026361174092,400.0
FP000195,DP2,01:43:05,6185,40.75178874853821,-73.97525281062195,L0_X0_Y6,40.78699832071604,-73.97003786955823,L0_X9_Y2,Heavy Quadcopter,6.753736540090526,400.0
FP000196,DP2,01:43:16,6196,40.75178874853821,-73.97525281062195,L0_X0_Y6,40.79684146022382,-73.97342935814612,L0_X11_Y0,Heavy Quadcopter,8.591975216737648,400.0
FP000197,DP2,01:43:21,6201,40.75178874853821,-73.97525281062195,L0_X0_Y6,40.78646607999299,-73.95944172078832,L0_X10_Y4,Heavy Quadcopter,6.993192218497431,400.0
FP000198,DP4,01:43:35,6215,40.77972557381685,-73.95364967224107,L0_X9_Y6,40.764205612630754,-73.9656536580034,L0_X4_Y6,Heavy Quadcopter,3.4285714285698488,400.0
FP000199,DP5,01:43:38,6218,40.78752993194298,-73.9806349536158,L0_X8_Y0,40.77458245161872,-73.97964255899865,L0_X5_Y2,Heavy Quadcopter,2.4722003429538364,400.0
FP000200,DP2,01:43:54,6234,40.75178874853821,-73.97525281062195,L0_X0_Y6,40.78881614509582,-73.97413547921235,L0_X9_Y1,Heavy Quadcopter,7.060000554315264,400.0
FP000201,DP5,01:44:00,6240,40.78752993194298,-73.9806349536158,L0_X8_Y0,40.78389442810161,-73.97243937856285,L0_X8_Y2,Heavy Quadcopter,1.370916015420077,400.0
FP000202,DP4,01:44:09,6249,40.77972557381685,-73.95364967224107,L0_X9_Y6,40.79524429056968,-73.94164007604267,L0_X14_Y6,Heavy Quadcopter,3.428571428572747,400.0
FP000203,DP5,01:44:35,6275,40.78752993194298,-73.9806349536158,L0_X8_Y0,40.78260831013804,-73.97893840433984,L0_X7_Y1,Heavy Quadcopter,0.9695878879432058,400.0
FP000204,DP5,01:44:40,6280,40.78752993194298,-73.9806349536158,L0_X8_Y0,40.75852970266277,-73.98104806062648,L0_X1_Y4,Heavy Quadcopter,5.52834171188305,400.0
FP000205,DP5,01:44:43,6283,40.78752993194298,-73.9806349536158,L0_X8_Y0,40.79577730984451,-73.95223556801028,L0_X13_Y4,Heavy Quadcopter,4.389673279648651,400.0
FP000206,DP5,01:44:48,6288,40.78752993194298,-73.9806349536158,L0_X8_Y0,40.75799727999779,-73.97045368256057,L0_X2_Y6,Heavy Quadcopter,5.818206858079511,400.0
FP000207,DP2,01:45:09,6309,40.75178874853821,-73.97525281062195,L0_X0_Y6,40.77972557381685,-73.95364967224107,L0_X9_Y6,Heavy Quadcopter,6.171428571427934,400.0
FP000208,DP5,01:45:19,6319,40.78752993194298,-73.9806349536158,L0_X8_Y0,40.75542541208789,-73.98344764387868,L0_X0_Y4,Heavy Quadcopter,6.133214972420506,400.0
FP000209,DP2,01:45:52,6352,40.75178874853821,-73.97525281062195,L0_X0_Y6,40.76163394353471,-73.97864825325121,L0_X2_Y4,Heavy Quadcopter,1.9396740127187997,400.0
FP000210,DP5,01:46:25,6385,40.78752993194298,-73.9806349536158,L0_X8_Y0,40.764205612630754,-73.9656536580034,L0_X4_Y6,Heavy Quadcopter,4.944116485509262,400.0
FP000211,DP5,01:46:26,6386,40.78752993194298,-73.9806349536158,L0_X8_Y0,40.76345205793061,-73.98274587478204,L0_X2_Y3,Heavy Quadcopter,4.599825307167286,400.0
FP000212,DP2,01:46:28,6388,40.75178874853821,-73.97525281062195,L0_X0_Y6,40.77950431799445,-73.98133953022825,L0_X6_Y1,Heavy Quadcopter,5.355722737427237,400.0
FP000213,DP2,01:46:34,6394,40.75178874853821,-73.97525281062195,L0_X0_Y6,40.76163394353471,-73.97864825325121,L0_X2_Y4,Heavy Quadcopter,1.9396740127187997,400.0
FP000214,DP5,01:46:37,6397,40.78752993194298,-73.9806349536158,L0_X8_Y0,40.76655624908154,-73.98034577756833,L0_X3_Y3,Heavy Quadcopter,3.998218692274958,400.0
FP000215,DP4,01:46:42,6402,40.77972557381685,-73.95364967224107,L0_X9_Y6,40.79630969977819,-73.96283199537866,L0_X12_Y2,Heavy Quadcopter,3.427802799572909,400.0
FP000216,DP4,01:46:48,6408,40.77972557381685,-73.95364967224107,L0_X9_Y6,40.764205612630754,-73.9656536580034,L0_X4_Y6,Heavy Quadcopter,3.4285714285698488,400.0
FP000217,DP4,01:46:52,6412,40.77972557381685,-73.95364967224107,L0_X9_Y6,40.75360715276483,-73.97935011519063,L0_X0_Y5,Heavy Quadcopter,6.209216011409355,400.0
FP000218,DP4,01:47:24,6444,40.77972557381685,-73.95364967224107,L0_X9_Y6,40.77405040979117,-73.9690467816812,L0_X6_Y4,Heavy Quadcopter,2.47184514533917,400.0
FP000219,DP4,01:47:24,6444,40.77972557381685,-73.95364967224107,L0_X9_Y6,40.79010216354035,-73.96763613605397,L0_X10_Y2,Heavy Quadcopter,2.8262160214932663,400.0
FP000220,DP4,01:47:28,6448,40.77972557381685,-73.95364967224107,L0_X9_Y6,40.79502378088036,-73.96933165600414,L0_X11_Y1,Heavy Quadcopter,3.691405701250178,400.0
FP000221,DP4,01:47:39,6459,40.77972557381685,-73.95364967224107,L0_X9_Y6,40.79888095349351,-73.94983306788735,L0_X14_Y4,Heavy Quadcopter,3.6927082176468415,400.0
FP000222,DP2,01:47:41,6461,40.75178874853821,-73.97525281062195,L0_X0_Y6,40.78389442810161,-73.97243937856285,L0_X8_Y2,Heavy Quadcopter,6.133444112803079,400.0
FP000223,DP4,01:47:48,6468,40.77972557381685,-73.95364967224107,L0_X9_Y6,40.794491730543776,-73.95873480737892,L0_X12_Y3,Heavy Quadcopter,2.908831741206794,400.0
FP000224,DP4,01:47:48,6468,40.77972557381685,-73.95364967224107,L0_X9_Y6,40.77094636783194,-73.97144748596789,L0_X5_Y4,Heavy Quadcopter,3.066120625520229,400.0
FP000225,DP2,01:48:16,6496,40.75178874853821,-73.97525281062195,L0_X0_Y6,40.77276448219434,-73.97554491041676,L0_X5_Y3,Heavy Quadcopter,3.9986141200003007,400.0
FP000226,DP2,01:48:22,6502,40.75178874853821,-73.97525281062195,L0_X0_Y6,40.76034781706346,-73.98514574781025,L0_X1_Y3,Heavy Quadcopter,2.1685101013394745,400.0
FP000227,DP4,01:48:28,6508,40.77972557381685,-73.95364967224107,L0_X9_Y6,40.802517036734244,-73.95802695620101,L0_X14_Y2,Heavy Quadcopter,4.3901935765328775,400.0
FP000228,DP2,01:48:50,6530,40.75178874853821,-73.97525281062195,L0_X0_Y6,40.78775161395421,-73.95294308880786,L0_X11_Y5,Heavy Quadcopter,7.574121273979209,400.0
FP000229,DP2,01:49:09,6549,40.75178874853821,-73.97525281062195,L0_X0_Y6,40.79577730984451,-73.95223556801028,L0_X13_Y4,Heavy Quadcopter,9.019416434317007,400.0
FP000230,DP5,01:49:50,6590,40.78752993194298,-73.9806349536158,L0_X8_Y0,40.79524429056968,-73.94164007604267,L0_X14_Y6,Heavy Quadcopter,5.816576213345974,400.0
FP000231,DP4,01:49:56,6596,40.77972557381685,-73.95364967224107,L0_X9_Y6,40.794491730543776,-73.95873480737892,L0_X12_Y3,Heavy Quadcopter,2.908831741206794,400.0
FP000232,DP4,01:50:10,6610,40.77972557381685,-73.95364967224107,L0_X9_Y6,40.78260831013804,-73.97893840433984,L0_X7_Y1,Heavy Quadcopter,3.6912868195660558,400.0
FP000233,DP4,01:50:18,6618,40.77972557381685,-73.95364967224107,L0_X9_Y6,40.77950431799445,-73.98133953022825,L0_X6_Y1,Heavy Quadcopter,3.9970488236411676,400.0
FP000234,DP5,01:50:41,6641,40.78752993194298,-73.9806349536158,L0_X8_Y0,40.77768649354284,-73.97724172324111,L0_X6_Y2,Heavy Quadcopter,1.9392210908667793,400.0
FP000235,DP4,01:50:52,6652,40.77972557381685,-73.95364967224107,L0_X9_Y6,40.78699832071604,-73.97003786955823,L0_X9_Y2,Heavy Quadcopter,2.741704159662128,400.0
FP000236,DP2,01:51:02,6662,40.75178874853821,-73.97525281062195,L0_X0_Y6,40.778972516321105,-73.97074314602013,L0_X7_Y3,Heavy Quadcopter,5.222509282331567,400.0
FP000237,DP4,01:51:08,6668,40.77972557381685,-73.95364967224107,L0_X9_Y6,40.79010216354035,-73.96763613605397,L0_X10_Y2,Heavy Quadcopter,2.8262160214932663,400.0
FP000238,DP4,01:51:10,6670,40.77972557381685,-73.95364967224107,L0_X9_Y6,40.783362237108015,-73.96184332265736,L0_X9_Y4,Heavy Quadcopter,1.3708521325771346,400.0
FP000239,DP2,01:51:17,6677,40.75178874853821,-73.97525281062195,L0_X0_Y6,40.79373766726678,-73.9758314478714,L0_X10_Y0,Heavy Quadcopter,7.996733888146186,400.0
FP000240,DP2,01:51:22,6682,40.75178874853821,-73.97525281062195,L0_X0_Y6,40.79524429056968,-73.94164007604267,L0_X14_Y6,Heavy Quadcopter,9.60000000000068,400.0
FP000241,DP5,01:51:39,6699,40.78752993194298,-73.9806349536158,L0_X8_Y0,40.76966039050614,-73.97794545612722,L0_X4_Y3,Heavy Quadcopter,3.4283408112713922,400.0
FP000242,DP2,01:51:42,6702,40.75178874853821,-73.97525281062195,L0_X0_Y6,40.782829416762496,-73.95124820200411,L0_X10_Y6,Heavy Quadcopter,6.857142857143199,400.0
FP000243,DP4,01:51:48,6708,40.77972557381685,-73.95364967224107,L0_X9_Y6,40.75489303911629,-73.97285335863229,L0_X1_Y6,Heavy Quadcopter,5.485714285713129,400.0
FP000244,DP4,01:52:02,6722,40.77972557381685,-73.95364967224107,L0_X9_Y6,40.764205612630754,-73.9656536580034,L0_X4_Y6,Heavy Quadcopter,3.4285714285698488,400.0
FP000245,DP4,01:52:06,6726,40.77972557381685,-73.95364967224107,L0_X9_Y6,40.798127524057385,-73.96692940751481,L0_X12_Y1,Heavy Quadcopter,3.9972135042986694,400.0
FP000246,DP4,01:52:12,6732,40.77972557381685,-73.95364967224107,L0_X9_Y6,40.75671144334132,-73.97695059757008,L0_X1_Y5,Heavy Quadcopter,5.52821071000568,400.0
FP000247,DP5,01:52:21,6741,40.78752993194298,-73.9806349536158,L0_X8_Y0,40.76034781706346,-73.98514574781025,L0_X1_Y3,Heavy Quadcopter,5.222206540704855,400.0
FP000248,DP5,01:52:30,6750,40.78752993194298,-73.9806349536158,L0_X8_Y0,40.771478359944865,-73.98204317042439,L0_X4_Y2,Heavy Quadcopter,3.066492913817137,400.0
FP000249,DP2,01:52:32,6752,40.75178874853821,-73.97525281062195,L0_X0_Y6,40.77405040979117,-73.9690467816812,L0_X6_Y4,Heavy Quadcopter,4.337080939255154,400.0
FP000250,DP2,01:52:44,6764,40.75178874853821,-73.97525281062195,L0_X0_Y6,40.79063382450314,-73.97823331301397,L0_X9_Y0,Heavy Quadcopter,7.4171339309336854,400.0
FP000251,DP5,01:53:03,6783,40.78752993194298,-73.9806349536158,L0_X8_Y0,40.76291987538491,-73.97215088997942,L0_X3_Y5,Heavy Quadcopter,4.848392492366187,400.0
FP000252,DP2,01:53:07,6787,40.75178874853821,-73.97525281062195,L0_X0_Y6,40.76345205793061,-73.98274587478204,L0_X2_Y3,Heavy Quadcopter,2.472537873653584,400.0
FP000253,DP5,01:53:10,6790,40.78752993194298,-73.9806349536158,L0_X8_Y0,40.80433486093038,-73.96212423655568,L0_X14_Y1,Heavy Quadcopter,4.1709634400007385,400.0
FP000254,DP5,01:53:12,6792,40.78752993194298,-73.9806349536158,L0_X8_Y0,40.78828419423568,-73.96353881635659,L0_X10_Y3,Heavy Quadcopter,2.4715784339560907,400.0
FP000255,DP2,01:53:24,6804,40.75178874853821,-73.97525281062195,L0_X0_Y6,40.7919199878898,-73.97173367988933,L0_X10_Y1,Heavy Quadcopter,7.666661899891657,400.0
FP000256,DP4,01:53:30,6810,40.77972557381685,-73.95364967224107,L0_X9_Y6,40.80615254015405,-73.96622174105397,L0_X14_Y0,Heavy Quadcopter,5.354270974405166,400.0
FP000257,DP2,01:53:39,6819,40.75178874853821,-73.97525281062195,L0_X0_Y6,40.77223215052555,-73.96494964709085,L0_X6_Y5,Heavy Quadcopter,4.171195077398571,400.0
FP000258,DP4,01:53:40,6820,40.77972557381685,-73.95364967224107,L0_X9_Y6,40.78828419423568,-73.96353881635659,L0_X10_Y3,Heavy Quadcopter,2.167689813227749,400.0
FP000259,DP4,01:53:42,6822,40.77972557381685,-73.95364967224107,L0_X9_Y6,40.77586852413602,-73.97314414039505,L0_X6_Y3,Heavy Quadcopter,2.9084241450706867,400.0
FP000260,DP4,01:53:43,6823,40.77972557381685,-73.95364967224107,L0_X9_Y6,40.76034781706346,-73.98514574781025,L0_X1_Y3,Heavy Quadcopter,5.85817200862609,400.0
FP000261,DP4,01:53:43,6823,40.77972557381685,-73.95364967224107,L0_X9_Y6,40.79759542397701,-73.95633246600357,L0_X13_Y3,Heavy Quadcopter,3.428283216571846,400.0
FP000262,DP2,01:53:47,6827,40.75178874853821,-73.97525281062195,L0_X0_Y6,40.76966039050614,-73.97794545612722,L0_X4_Y3,Heavy Quadcopter,3.42880196966423,400.0
FP000263,DP2,01:54:10,6850,40.75178874853821,-73.97525281062195,L0_X0_Y6,40.79010216354035,-73.96763613605397,L0_X10_Y2,Heavy Quadcopter,7.38560667545374,400.0
FP000264,DP5,01:54:16,6856,40.78752993194298,-73.9806349536158,L0_X8_Y0,40.785933209920714,-73.94884650730775,L0_X11_Y6,Heavy Quadcopter,4.5980204752799665,400.0
FP000265,DP5,01:54:18,6858,40.78752993194298,-73.9806349536158,L0_X8_Y0,40.77950431799445,-73.98133953022825,L0_X6_Y1,Heavy Quadcopter,1.533217806659594,400.0
FP000266,DP2,01:54:30,6870,40.75178874853821,-73.97525281062195,L0_X0_Y6,40.79630969977819,-73.96283199537866,L0_X12_Y2,Heavy Quadcopter,8.673918827042987,400.0
FP000267,DP2,01:54:31,6871,40.75178874853821,-73.97525281062195,L0_X0_Y6,40.77041374635636,-73.96085273661522,L0_X6_Y6,Heavy Quadcopter,4.1142857142848035,400.0
FP000268,DP4,01:54:35,6875,40.77972557381685,-73.95364967224107,L0_X9_Y6,40.76966039050614,-73.97794545612722,L0_X4_Y3,Heavy Quadcopter,3.997675056978798,400.0
FP000269,DP4,01:54:41,6881,40.77972557381685,-73.95364967224107,L0_X9_Y6,40.75542541208789,-73.98344764387868,L0_X0_Y4,Heavy Quadcopter,6.3215982475666666,400.0
FP000270,DP2,01:54:49,6889,40.75178874853821,-73.97525281062195,L0_X0_Y6,40.78881614509582,-73.97413547921235,L0_X9_Y1,Heavy Quadcopter,7.060000554315264,400.0
FP000271,DP4,01:54:50,6890,40.77972557381685,-73.95364967224107,L0_X9_Y6,40.79085535727815,-73.9505411037534,L0_X12_Y5,Heavy Quadcopter,2.1684797220643524,400.0
FP000272,DP4,01:54:57,6897,40.77972557381685,-73.95364967224107,L0_X9_Y6,40.784425989596436,-73.98303636971889,L0_X7_Y0,Heavy Quadcopter,4.335197146025258,400.0
FP000273,DP4,01:55:01,6901,40.77972557381685,-73.95364967224107,L0_X9_Y6,40.77276448219434,-73.97554491041676,L0_X5_Y3,Heavy Quadcopter,3.427822101323524,400.0
FP000274,DP5,01:55:02,6902,40.78752993194298,-73.9806349536158,L0_X8_Y0,40.76655624908154,-73.98034577756833,L0_X3_Y3,Heavy Quadcopter,3.998218692274958,400.0
FP000275,DP2,01:55:15,6915,40.75178874853821,-73.97525281062195,L0_X0_Y6,40.77405040979117,-73.9690467816812,L0_X6_Y4,Heavy Quadcopter,4.337080939255154,400.0
FP000276,DP4,01:55:16,6916,40.77972557381685,-73.95364967224107,L0_X9_Y6,40.798127524057385,-73.96692940751481,L0_X12_Y1,Heavy Quadcopter,3.9972135042986694,400.0
FP000277,DP2,01:55:36,6936,40.75178874853821,-73.97525281062195,L0_X0_Y6,40.77586852413602,-73.97314414039505,L0_X6_Y3,Heavy Quadcopter,4.600169014968259,400.0
FP000278,DP2,01:55:49,6949,40.75178874853821,-73.97525281062195,L0_X0_Y6,40.78389442810161,-73.97243937856285,L0_X8_Y2,Heavy Quadcopter,6.133444112803079,400.0
FP000279,DP2,01:55:51,6951,40.75178874853821,-73.97525281062195,L0_X0_Y6,40.78025834443931,-73.9642447000679,L0_X8_Y4,Heavy Quadcopter,5.6547933580810925,400.0
FP000280,DP4,01:56:03,6963,40.77972557381685,-73.95364967224107,L0_X9_Y6,40.79630969977819,-73.96283199537866,L0_X12_Y2,Heavy Quadcopter,3.427802799572909,400.0
FP000281,DP2,01:56:11,6971,40.75178874853821,-73.97525281062195,L0_X0_Y6,40.80123121741077,-73.96452693437932,L0_X13_Y1,Heavy Quadcopter,9.551044134674855,400.0
FP000282,DP5,01:56:11,6971,40.78752993194298,-73.9806349536158,L0_X8_Y0,40.764205612630754,-73.9656536580034,L0_X4_Y6,Heavy Quadcopter,4.944116485509262,400.0
FP000283,DP4,01:56:17,6977,40.77972557381685,-73.95364967224107,L0_X9_Y6,40.77586852413602,-73.97314414039505,L0_X6_Y3,Heavy Quadcopter,2.9084241450706867,400.0
FP000284,DP5,01:56:40,7000,40.78752993194298,-73.9806349536158,L0_X8_Y0,40.792140646834405,-73.94404244436902,L0_X13_Y6,Heavy Quadcopter,5.353680529192553,400.0
FP000285,DP5,01:56:40,7000,40.78752993194298,-73.9806349536158,L0_X8_Y0,40.78775161395421,-73.95294308880786,L0_X11_Y5,Heavy Quadcopter,3.9968563739884337,400.0
FP000286,DP2,01:57:02,7022,40.75178874853821,-73.97525281062195,L0_X0_Y6,40.78775161395421,-73.95294308880786,L0_X11_Y5,Heavy Quadcopter,7.574121273979209,400.0
FP000287,DP2,01:57:08,7028,40.75178874853821,-73.97525281062195,L0_X0_Y6,40.78260831013804,-73.97893840433984,L0_X7_Y1,Heavy Quadcopter,5.898867561099589,400.0
FP000288,DP2,01:57:08,7028,40.75178874853821,-73.97525281062195,L0_X0_Y6,40.75852970266277,-73.98104806062648,L0_X1_Y4,Heavy Quadcopter,1.5334183127609284,400.0
FP000289,DP4,01:57:35,7055,40.77972557381685,-73.95364967224107,L0_X9_Y6,40.80123121741077,-73.96452693437932,L0_X13_Y1,Heavy Quadcopter,4.3896883350741085,400.0
FP000290,DP2,01:57:54,7074,40.75178874853821,-73.97525281062195,L0_X0_Y6,40.76602401683185,-73.9697506999255,L0_X4_Y5,Heavy Quadcopter,2.827427740586006,400.0
FP000291,DP2,01:58:01,7081,40.75178874853821,-73.97525281062195,L0_X0_Y6,40.794491730543776,-73.95873480737892,L0_X12_Y3,Heavy Quadcopter,8.48209683244937,400.0
FP000292,DP2,01:58:12,7092,40.75178874853821,-73.97525281062195,L0_X0_Y6,40.76730970436203,-73.96325330943415,L0_X5_Y6,Heavy Quadcopter,3.4285714285733735,400.0
FP000293,DP5,01:58:23,7103,40.78752993194298,-73.9806349536158,L0_X8_Y0,40.77533614275213,-73.9625487842263,L0_X7_Y5,Heavy Quadcopter,3.4953712618238777,400.0
FP000294,DP4,01:58:24,7104,40.77972557381685,-73.95364967224107,L0_X9_Y6,40.76602401683185,-73.9697506999255,L0_X4_Y5,Heavy Quadcopter,3.496257021455823,400.0
FP000295,DP2,01:58:41,7121,40.75178874853821,-73.97525281062195,L0_X0_Y6,40.78828419423568,-73.96353881635659,L0_X10_Y3,Heavy Quadcopter,7.159343323951936,400.0
FP000296,DP5,01:59:30,7170,40.78752993194298,-73.9806349536158,L0_X8_Y0,40.79267361637135,-73.95463784350675,L0_X12_Y4,Heavy Quadcopter,3.8778986055011164,400.0
FP000297,DP2,01:59:32,7172,40.75178874853821,-73.97525281062195,L0_X0_Y6,40.764205612630754,-73.9656536580034,L0_X4_Y6,Heavy Quadcopter,2.7428571428580852,400.0
FP000298,DP4,01:59:32,7172,40.77972557381685,-73.95364967224107,L0_X9_Y6,40.76291987538491,-73.97215088997942,L0_X3_Y5,Heavy Quadcopter,4.170831870992952,400.0
FP000299,DP2,01:59:40,7180,40.75178874853821,-73.97525281062195,L0_X0_Y6,40.778972516321105,-73.97074314602013,L0_X7_Y3,Heavy Quadcopter,5.222509282331567,400.0
FP000300,DP4,01:59:45,7185,40.77972557381685,-73.95364967224107,L0_X9_Y6,40.764205612630754,-73.9656536580034,L0_X4_Y6,Heavy Quadcopter,3.4285714285698488,400.0
FP000301,DP5,02:00:39,7239,40.78752993194298,-73.9806349536158,L0_X8_Y0,40.792140646834405,-73.94404244436902,L0_X13_Y6,Heavy Quadcopter,5.353680529192553,400.0
FP000302,DP5,02:00:45,7245,40.78752993194298,-73.9806349536158,L0_X8_Y0,40.78464782082952,-73.95534484934042,L0_X10_Y5,Heavy Quadcopter,3.6911974373647336,400.0
FP000303,DP2,02:00:52,7252,40.75178874853821,-73.97525281062195,L0_X0_Y6,40.79138798729329,-73.96113692414926,L0_X11_Y3,Heavy Quadcopter,7.818623771261646,400.0
FP000304,DP4,02:00:56,7256,40.77972557381685,-73.95364967224107,L0_X9_Y6,40.76655624908154,-73.98034577756833,L0_X3_Y3,Heavy Quadcopter,4.599266845508062,400.0
FP000305,DP4,02:01:05,7265,40.77972557381685,-73.95364967224107,L0_X9_Y6,40.778972516321105,-73.97074314602013,L0_X7_Y3,Heavy Quadcopter,2.4714986969635295,400.0
FP000306,DP2,02:01:22,7282,40.75178874853821,-73.97525281062195,L0_X0_Y6,40.785933209920714,-73.94884650730775,L0_X11_Y6,Heavy Quadcopter,7.542857142857207,400.0
FP000307,DP4,02:01:36,7296,40.77972557381685,-73.95364967224107,L0_X9_Y6,40.77041374635636,-73.96085273661522,L0_X6_Y6,Heavy Quadcopter,2.0571428571431296,400.0
FP000308,DP2,02:01:48,7308,40.75178874853821,-73.97525281062195,L0_X0_Y6,40.77768649354284,-73.97724172324111,L0_X6_Y2,Heavy Quadcopter,4.944969158569348,400.0
FP000309,DP5,02:02:03,7323,40.78752993194298,-73.9806349536158,L0_X8_Y0,40.76655624908154,-73.98034577756833,L0_X3_Y3,Heavy Quadcopter,3.998218692274958,400.0
FP000310,DP2,02:02:05,7325,40.75178874853821,-73.97525281062195,L0_X0_Y6,40.79577730984451,-73.95223556801028,L0_X13_Y4,Heavy Quadcopter,9.019416434317007,400.0
FP000311,DP2,02:02:13,7333,40.75178874853821,-73.97525281062195,L0_X0_Y6,40.75799727999779,-73.97045368256057,L0_X2_Y6,Heavy Quadcopter,1.3714285714280725,400.0
FP000312,DP5,02:02:18,7338,40.78752993194298,-73.9806349536158,L0_X8_Y0,40.76034781706346,-73.98514574781025,L0_X1_Y3,Heavy Quadcopter,5.222206540704855,400.0
FP000313,DP2,02:02:20,7340,40.75178874853821,-73.97525281062195,L0_X0_Y6,40.77972557381685,-73.95364967224107,L0_X9_Y6,Heavy Quadcopter,6.171428571427934,400.0
FP000314,DP5,02:02:31,7351,40.78752993194298,-73.9806349536158,L0_X8_Y0,40.78025834443931,-73.9642447000679,L0_X8_Y4,Heavy Quadcopter,2.7418321246047537,400.0
FP000315,DP4,02:02:52,7372,40.77972557381685,-73.95364967224107,L0_X9_Y6,40.77019204302611,-73.98854156169558,L0_X3_Y1,Heavy Quadcopter,5.354554214477513,400.0
FP000316,DP2,02:02:57,7377,40.75178874853821,-73.97525281062195,L0_X0_Y6,40.797062694483365,-73.94573645991079,L0_X14_Y5,Heavy Quadcopter,9.62461832161706,400.0
FP000317,DP2,02:02:59,7379,40.75178874853821,-73.97525281062195,L0_X0_Y6,40.78260831013804,-73.97893840433984,L0_X7_Y1,Heavy Quadcopter,5.898867561099589,400.0
FP000318,DP4,02:03:31,7411,40.77972557381685,-73.95364967224107,L0_X9_Y6,40.78828419423568,-73.96353881635659,L0_X10_Y3,Heavy Quadcopter,2.167689813227749,400.0
FP000319,DP4,02:03:34,7414,40.77972557381685,-73.95364967224107,L0_X9_Y6,40.767087851891134,-73.99094179025853,L0_X2_Y1,Heavy Quadcopter,5.8977694325604935,400.0
FP000320,DP2,02:03:40,7420,40.75178874853821,-73.97525281062195,L0_X0_Y6,40.77950431799445,-73.98133953022825,L0_X6_Y1,Heavy Quadcopter,5.355722737427237,400.0
FP000321,DP5,02:03:47,7427,40.78752993194298,-73.9806349536158,L0_X8_Y0,40.78154397791421,-73.95774638539304,L0_X9_Y5,Heavy Quadcopter,3.4950571241893464,400.0
FP000322,DP4,02:04:00,7440,40.77972557381685,-73.95364967224107,L0_X9_Y6,40.78571225250854,-73.9765370540152,L0_X8_Y1,Heavy Quadcopter,3.4950258371614606,400.0
FP000323,DP2,02:04:02,7442,40.75178874853821,-73.97525281062195,L0_X0_Y6,40.78699832071604,-73.97003786955823,L0_X9_Y2,Heavy Quadcopter,6.753736540090526,400.0
FP000324,DP4,02:04:12,7452,40.77972557381685,-73.95364967224107,L0_X9_Y6,40.79630969977819,-73.96283199537866,L0_X12_Y2,Heavy Quadcopter,3.427802799572909,400.0
FP000325,DP2,02:04:18,7458,40.75178874853821,-73.97525281062195,L0_X0_Y6,40.79502378088036,-73.96933165600414,L0_X11_Y1,Heavy Quadcopter,8.28566289924816,400.0
FP000326,DP2,02:04:27,7467,40.75178874853821,-73.97525281062195,L0_X0_Y6,40.75852970266277,-73.98104806062648,L0_X1_Y4,Heavy Quadcopter,1.5334183127609284,400.0
FP000327,DP5,02:04:49,7489,40.78752993194298,-73.9806349536158,L0_X8_Y0,40.76345205793061,-73.98274587478204,L0_X2_Y3,Heavy Quadcopter,4.599825307167286,400.0
FP000328,DP5,02:05:13,7513,40.78752993194298,-73.9806349536158,L0_X8_Y0,40.802517036734244,-73.95802695620101,L0_X14_Y2,Heavy Quadcopter,4.336554319664431,400.0
FP000329,DP4,02:05:20,7520,40.77972557381685,-73.95364967224107,L0_X9_Y6,40.802517036734244,-73.95802695620101,L0_X14_Y2,Heavy Quadcopter,4.3901935765328775,400.0
FP000330,DP5,02:05:23,7523,40.78752993194298,-73.9806349536158,L0_X8_Y0,40.76655624908154,-73.98034577756833,L0_X3_Y3,Heavy Quadcopter,3.998218692274958,400.0
FP000331,DP2,02:05:47,7547,40.75178874853821,-73.97525281062195,L0_X0_Y6,40.764205612630754,-73.9656536580034,L0_X4_Y6,Heavy Quadcopter,2.7428571428580852,400.0
FP000332,DP2,02:05:52,7552,40.75178874853821,-73.97525281062195,L0_X0_Y6,40.78775161395421,-73.95294308880786,L0_X11_Y5,Heavy Quadcopter,7.574121273979209,400.0
FP000333,DP4,02:06:02,7562,40.77972557381685,-73.95364967224107,L0_X9_Y6,40.784425989596436,-73.98303636971889,L0_X7_Y0,Heavy Quadcopter,4.335197146025258,400.0
FP000334,DP2,02:06:03,7563,40.75178874853821,-73.97525281062195,L0_X0_Y6,40.78881614509582,-73.97413547921235,L0_X9_Y1,Heavy Quadcopter,7.060000554315264,400.0
FP000335,DP4,02:06:16,7576,40.77972557381685,-73.95364967224107,L0_X9_Y6,40.79085535727815,-73.9505411037534,L0_X12_Y5,Heavy Quadcopter,2.1684797220643524,400.0
FP000336,DP2,02:06:36,7596,40.75178874853821,-73.97525281062195,L0_X0_Y6,40.76345205793061,-73.98274587478204,L0_X2_Y3,Heavy Quadcopter,2.472537873653584,400.0
FP000337,DP4,02:06:52,7612,40.77972557381685,-73.95364967224107,L0_X9_Y6,40.777154401997,-73.96664585306185,L0_X7_Y4,Heavy Quadcopter,1.9389041526475368,400.0
FP000338,DP2,02:07:13,7633,40.75178874853821,-73.97525281062195,L0_X0_Y6,40.76291987538491,-73.97215088997942,L0_X3_Y5,Heavy Quadcopter,2.1685708424081174,400.0
FP000339,DP4,02:07:18,7638,40.77972557381685,-73.95364967224107,L0_X9_Y6,40.79684146022382,-73.97342935814612,L0_X11_Y0,Heavy Quadcopter,4.335197022443148,400.0
FP000340,DP5,02:07:20,7640,40.78752993194298,-73.9806349536158,L0_X8_Y0,40.78881614509582,-73.97413547921235,L0_X9_Y1,Heavy Quadcopter,0.9695425818980936,400.0
FP000341,DP2,02:07:34,7654,40.75178874853821,-73.97525281062195,L0_X0_Y6,40.79630969977819,-73.96283199537866,L0_X12_Y2,Heavy Quadcopter,8.673918827042987,400.0
FP000342,DP4,02:07:37,7657,40.77972557381685,-73.95364967224107,L0_X9_Y6,40.75906149595441,-73.99164337364796,L0_X0_Y2,Heavy Quadcopter,6.752800193088105,400.0
FP000343,DP2,02:07:40,7660,40.75178874853821,-73.97525281062195,L0_X0_Y6,40.79888095349351,-73.94983306788735,L0_X14_Y4,Heavy Quadcopter,9.697717992868107,400.0
FP000344,DP2,02:08:07,7687,40.75178874853821,-73.97525281062195,L0_X0_Y6,40.785933209920714,-73.94884650730775,L0_X11_Y6,Heavy Quadcopter,7.542857142857207,400.0
FP000345,DP4,02:08:08,7688,40.77972557381685,-73.95364967224107,L0_X9_Y6,40.78881614509582,-73.97413547921235,L0_X9_Y1,Heavy Quadcopter,3.4271301336474496,400.0
FP000346,DP5,02:08:08,7688,40.78752993194298,-73.9806349536158,L0_X8_Y0,40.77458245161872,-73.97964255899865,L0_X5_Y2,Heavy Quadcopter,2.4722003429538364,400.0
FP000347,DP2,02:08:36,7716,40.75178874853821,-73.97525281062195,L0_X0_Y6,40.79524429056968,-73.94164007604267,L0_X14_Y6,Heavy Quadcopter,9.60000000000068,400.0
FP000348,DP4,02:08:41,7721,40.77972557381685,-73.95364967224107,L0_X9_Y6,40.75671144334132,-73.97695059757008,L0_X1_Y5,Heavy Quadcopter,5.52821071000568,400.0
FP000349,DP2,02:08:54,7734,40.75178874853821,-73.97525281062195,L0_X0_Y6,40.76655624908154,-73.98034577756833,L0_X3_Y3,Heavy Quadcopter,2.909443102356193,400.0
FP000350,DP5,02:08:54,7734,40.78752993194298,-73.9806349536158,L0_X8_Y0,40.78389442810161,-73.97243937856285,L0_X8_Y2,Heavy Quadcopter,1.370916015420077,400.0
FP000351,DP4,02:08:55,7735,40.77972557381685,-73.95364967224107,L0_X9_Y6,40.767842276129386,-73.97384796596381,L0_X4_Y4,Heavy Quadcopter,3.6922325382147516,400.0
FP000352,DP5,02:09:04,7744,40.78752993194298,-73.9806349536158,L0_X8_Y0,40.76163394353471,-73.97864825325121,L0_X2_Y4,Heavy Quadcopter,4.944613878986559,400.0
FP000353,DP2,02:09:21,7761,40.75178874853821,-73.97525281062195,L0_X0_Y6,40.80615254015405,-73.96622174105397,L0_X14_Y0,Heavy Quadcopter,10.44448862220263,400.0
FP000354,DP4,02:09:59,7799,40.77972557381685,-73.95364967224107,L0_X9_Y6,40.77533614275213,-73.9625487842263,L0_X7_Y5,Heavy Quadcopter,1.53303167749004,400.0
FP000355,DP4,02:10:15,7815,40.77972557381685,-73.95364967224107,L0_X9_Y6,40.78646607999299,-73.95944172078832,L0_X10_Y4,Heavy Quadcopter,1.5329027806734985,400.0
FP000356,DP4,02:10:26,7826,40.77972557381685,-73.95364967224107,L0_X9_Y6,40.77768649354284,-73.97724172324111,L0_X6_Y2,Heavy Quadcopter,3.4274953912525596,400.0
FP000357,DP5,02:10:46,7846,40.78752993194298,-73.9806349536158,L0_X8_Y0,40.767087851891134,-73.99094179025853,L0_X2_Y1,Heavy Quadcopter,4.171026629477285,400.0
FP000358,DP5,02:10:54,7854,40.78752993194298,-73.9806349536158,L0_X8_Y0,40.79888095349351,-73.94983306788735,L0_X14_Y4,Heavy Quadcopter,4.943761073627247,400.0
FP000359,DP2,02:11:02,7862,40.75178874853821,-73.97525281062195,L0_X0_Y6,40.80615254015405,-73.96622174105397,L0_X14_Y0,Heavy Quadcopter,10.44448862220263,400.0
FP000360,DP5,02:11:13,7873,40.78752993194298,-73.9806349536158,L0_X8_Y0,40.78260831013804,-73.97893840433984,L0_X7_Y1,Heavy Quadcopter,0.9695878879432058,400.0
FP000361,DP5,02:11:22,7882,40.78752993194298,-73.9806349536158,L0_X8_Y0,40.765270027388475,-73.9868437204482,L0_X2_Y2,Heavy Quadcopter,4.336797409958595,400.0
FP000362,DP4,02:11:24,7884,40.77972557381685,-73.95364967224107,L0_X9_Y6,40.764738134693616,-73.97624822171096,L0_X3_Y4,Heavy Quadcopter,4.336412653404345,400.0
FP000363,DP5,02:11:35,7895,40.78752993194298,-73.9806349536158,L0_X8_Y0,40.76912810854876,-73.96735028564328,L0_X5_Y5,Heavy Quadcopter,3.997680420470075,400.0
FP000364,DP4,02:12:21,7941,40.77972557381685,-73.95364967224107,L0_X9_Y6,40.78464782082952,-73.95534484934042,L0_X10_Y5,Heavy Quadcopter,0.9696558908120951,400.0
FP000365,DP2,02:12:25,7945,40.75178874853821,-73.97525281062195,L0_X0_Y6,40.77019204302611,-73.98854156169558,L0_X3_Y1,Heavy Quadcopter,3.9984493800501992,400.0
FP000366,DP4,02:12:37,7957,40.77972557381685,-73.95364967224107,L0_X9_Y6,40.79395905079124,-73.94813889413503,L0_X13_Y5,Heavy Quadcopter,2.827357852705254,400.0
FP000367,DP2,02:12:49,7969,40.75178874853821,-73.97525281062195,L0_X0_Y6,40.79684146022382,-73.97342935814612,L0_X11_Y0,Heavy Quadcopter,8.591975216737648,400.0
FP000368,DP2,02:12:57,7977,40.75178874853821,-73.97525281062195,L0_X0_Y6,40.782076458739475,-73.96834192725004,L0_X8_Y3,Heavy Quadcopter,5.85901524097361,400.0
FP000369,DP5,02:13:02,7982,40.78752993194298,-73.9806349536158,L0_X8_Y0,40.78699832071604,-73.97003786955823,L0_X9_Y2,Heavy Quadcopter,1.532788015304845,400.0
FP000370,DP2,02:13:20,8000,40.75178874853821,-73.97525281062195,L0_X0_Y6,40.79684146022382,-73.97342935814612,L0_X11_Y0,Heavy Quadcopter,8.591975216737648,400.0
FP000371,DP4,02:13:54,8034,40.77972557381685,-73.95364967224107,L0_X9_Y6,40.78881614509582,-73.97413547921235,L0_X9_Y1,Heavy Quadcopter,3.4271301336474496,400.0
FP000372,DP2,02:14:13,8053,40.75178874853821,-73.97525281062195,L0_X0_Y6,40.77019204302611,-73.98854156169558,L0_X3_Y1,Heavy Quadcopter,3.9984493800501992,400.0
FP000373,DP4,02:14:41,8081,40.77972557381685,-73.95364967224107,L0_X9_Y6,40.787529931942984,-73.9806349536158,L0_X8_Y0,Heavy Quadcopter,4.1693311032822775,400.0
FP000374,DP5,02:14:56,8096,40.78752993194298,-73.9806349536158,L0_X8_Y0,40.803048896677566,-73.96862450477941,L0_X13_Y0,Heavy Quadcopter,3.42857142857101,400.0
FP000375,DP2,02:15:05,8105,40.75178874853821,-73.97525281062195,L0_X0_Y6,40.768374218531434,-73.98444355756025,L0_X3_Y2,Heavy Quadcopter,3.4287251270622745,400.0
FP000376,DP5,02:15:24,8124,40.78752993194298,-73.9806349536158,L0_X8_Y0,40.792140646834405,-73.94404244436902,L0_X13_Y6,Heavy Quadcopter,5.353680529192553,400.0
FP000377,DP5,02:15:36,8136,40.78752993194298,-73.9806349536158,L0_X8_Y0,40.76216578652611,-73.98924365913014,L0_X1_Y2,Heavy Quadcopter,4.992057742532279,400.0
FP000378,DP2,02:15:48,8148,40.75178874853821,-73.97525281062195,L0_X0_Y6,40.77329618442839,-73.98614110886417,L0_X4_Y1,Heavy Quadcopter,4.3908137640887315,400.0
FP000379,DP4,02:15:53,8153,40.77972557381685,-73.95364967224107,L0_X9_Y6,40.757243526490164,-73.98754539669487,L0_X0_Y3,Heavy Quadcopter,6.5047100930117,400.0
FP000380,DP5,02:16:04,8164,40.78752993194298,-73.9806349536158,L0_X8_Y0,40.76216578652611,-73.98924365913014,L0_X1_Y2,Heavy Quadcopter,4.992057742532279,400.0
FP000381,DP2,02:16:09,8169,40.75178874853821,-73.97525281062195,L0_X0_Y6,40.79063382450314,-73.97823331301397,L0_X9_Y0,Heavy Quadcopter,7.4171339309336854,400.0
FP000382,DP4,02:16:09,8169,40.77972557381685,-73.95364967224107,L0_X9_Y6,40.79373766726678,-73.9758314478714,L0_X10_Y0,Heavy Quadcopter,4.169331039033631,400.0
FP000383,DP2,02:16:49,8209,40.75178874853821,-73.97525281062195,L0_X0_Y6,40.792140646834405,-73.94404244436902,L0_X13_Y6,Heavy Quadcopter,8.914285714285063,400.0
FP000384,DP5,02:17:07,8227,40.78752993194298,-73.9806349536158,L0_X8_Y0,40.792140646834405,-73.94404244436902,L0_X13_Y6,Heavy Quadcopter,5.353680529192553,400.0
FP000385,DP4,02:17:13,8233,40.77972557381685,-73.95364967224107,L0_X9_Y6,40.764738134693616,-73.97624822171096,L0_X3_Y4,Heavy Quadcopter,4.336412653404345,400.0
FP000386,DP4,02:17:22,8242,40.77972557381685,-73.95364967224107,L0_X9_Y6,40.78881614509582,-73.97413547921235,L0_X9_Y1,Heavy Quadcopter,3.4271301336474496,400.0
FP000387,DP5,02:17:25,8245,40.78752993194298,-73.9806349536158,L0_X8_Y0,40.76730970436203,-73.96325330943415,L0_X5_Y6,Heavy Quadcopter,4.5990519012022135,400.0
FP000388,DP2,02:17:30,8250,40.75178874853821,-73.97525281062195,L0_X0_Y6,40.77405040979117,-73.9690467816812,L0_X6_Y4,Heavy Quadcopter,4.337080939255154,400.0
FP000389,DP5,02:17:34,8254,40.78752993194298,-73.9806349536158,L0_X8_Y0,40.77768649354284,-73.97724172324111,L0_X6_Y2,Heavy Quadcopter,1.9392210908667793,400.0
FP000390,DP4,02:17:55,8275,40.77972557381685,-73.95364967224107,L0_X9_Y6,40.783362237108015,-73.96184332265736,L0_X9_Y4,Heavy Quadcopter,1.3708521325771346,400.0
FP000391,DP4,02:18:00,8280,40.77972557381685,-73.95364967224107,L0_X9_Y6,40.764738134693616,-73.97624822171096,L0_X3_Y4,Heavy Quadcopter,4.336412653404345,400.0
FP000392,DP4,02:18:05,8285,40.77972557381685,-73.95364967224107,L0_X9_Y6,40.77276448219434,-73.97554491041676,L0_X5_Y3,Heavy Quadcopter,3.427822101323524,400.0
FP000393,DP4,02:18:06,8286,40.77972557381685,-73.95364967224107,L0_X9_Y6,40.76730970436203,-73.96325330943415,L0_X5_Y6,Heavy Quadcopter,2.7428571428545583,400.0
FP000394,DP2,02:18:33,8313,40.75178874853821,-73.97525281062195,L0_X0_Y6,40.76912810854876,-73.96735028564328,L0_X5_Y5,Heavy Quadcopter,3.4966275066072443,400.0
FP000395,DP2,02:18:38,8318,40.75178874853821,-73.97525281062195,L0_X0_Y6,40.76655624908154,-73.98034577756833,L0_X3_Y3,Heavy Quadcopter,2.909443102356193,400.0
FP000396,DP4,02:18:38,8318,40.77972557381685,-73.95364967224107,L0_X9_Y6,40.78775161395421,-73.95294308880786,L0_X11_Y5,Heavy Quadcopter,1.5333180833673183,400.0
FP000397,DP2,02:18:40,8320,40.75178874853821,-73.97525281062195,L0_X0_Y6,40.764738134693616,-73.97624822171096,L0_X3_Y4,Heavy Quadcopter,2.4725911485019725,400.0
FP000398,DP2,02:18:48,8328,40.75178874853821,-73.97525281062195,L0_X0_Y6,40.79941339317149,-73.96042958812363,L0_X13_Y2,Heavy Quadcopter,9.326967404262364,400.0
FP000399,DP4,02:19:04,8344,40.77972557381685,-73.95364967224107,L0_X9_Y6,40.75852970266277,-73.98104806062648,L0_X1_Y4,Heavy Quadcopter,5.654156554633272,400.0
FP000400,DP5,02:19:05,8345,40.78752993194298,-73.9806349536158,L0_X8_Y0,40.77458245161872,-73.97964255899865,L0_X5_Y2,Heavy Quadcopter,2.4722003429538364,400.0
FP000401,DP4,02:19:17,8357,40.77972557381685,-73.95364967224107,L0_X9_Y6,40.77405040979117,-73.9690467816812,L0_X6_Y4,Heavy Quadcopter,2.47184514533917,400.0
FP000402,DP5,02:19:19,8359,40.78752993194298,-73.9806349536158,L0_X8_Y0,40.79630969977819,-73.96283199537866,L0_X12_Y2,Heavy Quadcopter,3.066263717524371,400.0
FP000403,DP4,02:19:28,8368,40.77972557381685,-73.95364967224107,L0_X9_Y6,40.75852970266277,-73.98104806062648,L0_X1_Y4,Heavy Quadcopter,5.654156554633272,400.0
FP000404,DP5,02:19:33,8373,40.78752993194298,-73.9806349536158,L0_X8_Y0,40.76163394353471,-73.97864825325121,L0_X2_Y4,Heavy Quadcopter,4.944613878986559,400.0
FP000405,DP5,02:19:39,8379,40.78752993194298,-73.9806349536158,L0_X8_Y0,40.77768649354284,-73.97724172324111,L0_X6_Y2,Heavy Quadcopter,1.9392210908667793,400.0
FP000406,DP2,02:20:21,8421,40.75178874853821,-73.97525281062195,L0_X0_Y6,40.75852970266277,-73.98104806062648,L0_X1_Y4,Heavy Quadcopter,1.5334183127609284,400.0
FP000407,DP2,02:21:11,8471,40.75178874853821,-73.97525281062195,L0_X0_Y6,40.771478359944865,-73.98204317042439,L0_X4_Y2,Heavy Quadcopter,3.8791669012215957,400.0
FP000408,DP5,02:21:14,8474,40.78752993194298,-73.9806349536158,L0_X8_Y0,40.767087851891134,-73.99094179025853,L0_X2_Y1,Heavy Quadcopter,4.171026629477285,400.0
FP000409,DP5,02:22:06,8526,40.78752993194298,-73.9806349536158,L0_X8_Y0,40.77844008521837,-73.96014769700768,L0_X8_Y5,Heavy Quadcopter,3.427290214363547,400.0
FP000410,DP5,02:22:09,8529,40.78752993194298,-73.9806349536158,L0_X8_Y0,40.75178874853821,-73.97525281062195,L0_X0_Y6,Heavy Quadcopter,6.857142753345074,400.0
FP000411,DP5,02:22:11,8531,40.78752993194298,-73.9806349536158,L0_X8_Y0,40.75178874853821,-73.97525281062195,L0_X0_Y6,Heavy Quadcopter,6.857142753345074,400.0
FP000412,DP2,02:22:17,8537,40.75178874853821,-73.97525281062195,L0_X0_Y6,40.79395905079124,-73.94813889413503,L0_X13_Y5,Heavy Quadcopter,8.940780060308775,400.0
FP000413,DP5,02:22:20,8540,40.78752993194298,-73.9806349536158,L0_X8_Y0,40.76291987538491,-73.97215088997942,L0_X3_Y5,Heavy Quadcopter,4.848392492366187,400.0
FP000414,DP5,02:22:27,8547,40.78752993194298,-73.9806349536158,L0_X8_Y0,40.778972516321105,-73.97074314602013,L0_X7_Y3,Heavy Quadcopter,2.1677808127259737,400.0
FP000415,DP5,02:22:45,8565,40.78752993194298,-73.9806349536158,L0_X8_Y0,40.783362237108015,-73.96184332265736,L0_X9_Y4,Heavy Quadcopter,2.826153699466694,400.0
FP000416,DP2,02:22:51,8571,40.75178874853821,-73.97525281062195,L0_X0_Y6,40.7999452033641,-73.97102704379611,L0_X12_Y0,Heavy Quadcopter,9.199822361925639,400.0
FP000417,DP5,02:23:06,8586,40.78752993194298,-73.9806349536158,L0_X8_Y0,40.803048896677566,-73.96862450477941,L0_X13_Y0,Heavy Quadcopter,3.42857142857101,400.0
FP000418,DP5,02:23:09,8589,40.78752993194298,-73.9806349536158,L0_X8_Y0,40.79138798729329,-73.96113692414926,L0_X11_Y3,Heavy Quadcopter,2.9084918819276453,400.0
FP000419,DP2,02:23:14,8594,40.75178874853821,-73.97525281062195,L0_X0_Y6,40.785933209920714,-73.94884650730775,L0_X11_Y6,Heavy Quadcopter,7.542857142857207,400.0
FP000420,DP4,02:23:33,8613,40.77972557381685,-73.95364967224107,L0_X9_Y6,40.77094636783194,-73.97144748596789,L0_X5_Y4,Heavy Quadcopter,3.066120625520229,400.0
FP000421,DP2,02:23:53,8633,40.75178874853821,-73.97525281062195,L0_X0_Y6,40.785933209920714,-73.94884650730775,L0_X11_Y6,Heavy Quadcopter,7.542857142857207,400.0
FP000422,DP5,02:24:01,8641,40.78752993194298,-73.9806349536158,L0_X8_Y0,40.764738134693616,-73.97624822171096,L0_X3_Y4,Heavy Quadcopter,4.390473651519685,400.0
FP000423,DP5,02:24:22,8662,40.78752993194298,-73.9806349536158,L0_X8_Y0,40.75906149595441,-73.99164337364796,L0_X0_Y2,Heavy Quadcopter,5.654544844005477,400.0
FP000424,DP5,02:24:56,8696,40.78752993194298,-73.9806349536158,L0_X8_Y0,40.78881614509582,-73.97413547921235,L0_X9_Y1,Heavy Quadcopter,0.9695425818980936,400.0
FP000425,DP5,02:25:09,8709,40.78752993194298,-73.9806349536158,L0_X8_Y0,40.7999452033641,-73.97102704379611,L0_X12_Y0,Heavy Quadcopter,2.7428571428564776,400.0
FP000426,DP5,02:25:17,8717,40.78752993194298,-73.9806349536158,L0_X8_Y0,40.77586852413602,-73.97314414039505,L0_X6_Y3,Heavy Quadcopter,2.471898296574755,400.0
FP000427,DP4,02:25:28,8728,40.77972557381685,-73.95364967224107,L0_X9_Y6,40.79138798729329,-73.96113692414926,L0_X11_Y3,Heavy Quadcopter,2.4718184675303534,400.0
FP000428,DP4,02:25:48,8748,40.77972557381685,-73.95364967224107,L0_X9_Y6,40.78828419423568,-73.96353881635659,L0_X10_Y3,Heavy Quadcopter,2.167689813227749,400.0
FP000429,DP5,02:25:48,8748,40.78752993194298,-73.9806349536158,L0_X8_Y0,40.79759542397701,-73.95633246600357,L0_X13_Y3,Heavy Quadcopter,3.9977243061195944,400.0
FP000430,DP5,02:26:04,8764,40.78752993194298,-73.9806349536158,L0_X8_Y0,40.76730970436203,-73.96325330943415,L0_X5_Y6,Heavy Quadcopter,4.5990519012022135,400.0
FP000431,DP5,02:26:20,8780,40.78752993194298,-73.9806349536158,L0_X8_Y0,40.77950431799445,-73.98133953022825,L0_X6_Y1,Heavy Quadcopter,1.533217806659594,400.0
FP000432,DP5,02:26:45,8805,40.78752993194298,-73.9806349536158,L0_X8_Y0,40.77223215052555,-73.96494964709085,L0_X6_Y5,Heavy Quadcopter,3.6917923065783786,400.0
FP000433,DP2,02:26:48,8808,40.75178874853821,-73.97525281062195,L0_X0_Y6,40.77950431799445,-73.98133953022825,L0_X6_Y1,Heavy Quadcopter,5.355722737427237,400.0
FP000434,DP5,02:27:04,8824,40.78752993194298,-73.9806349536158,L0_X8_Y0,40.765270027388475,-73.9868437204482,L0_X2_Y2,Heavy Quadcopter,4.336797409958595,400.0
FP000435,DP5,02:27:09,8829,40.78752993194298,-73.9806349536158,L0_X8_Y0,40.765270027388475,-73.9868437204482,L0_X2_Y2,Heavy Quadcopter,4.336797409958595,400.0
FP000436,DP5,02:27:16,8836,40.78752993194298,-73.9806349536158,L0_X8_Y0,40.79138798729329,-73.96113692414926,L0_X11_Y3,Heavy Quadcopter,2.9084918819276453,400.0
FP000437,DP2,02:27:25,8845,40.75178874853821,-73.97525281062195,L0_X0_Y6,40.79759542397701,-73.95633246600357,L0_X13_Y3,Heavy Quadcopter,9.148850410060126,400.0
FP000438,DP2,02:27:40,8860,40.75178874853821,-73.97525281062195,L0_X0_Y6,40.757243526490164,-73.98754539669487,L0_X0_Y3,Heavy Quadcopter,2.057142857145578,400.0
FP000439,DP4,02:27:49,8869,40.77972557381685,-73.95364967224107,L0_X9_Y6,40.77094636783194,-73.97144748596789,L0_X5_Y4,Heavy Quadcopter,3.066120625520229,400.0
FP000440,DP2,02:28:47,8927,40.75178874853821,-73.97525281062195,L0_X0_Y6,40.76912810854876,-73.96735028564328,L0_X5_Y5,Heavy Quadcopter,3.4966275066072443,400.0
FP000441,DP2,02:29:00,8940,40.75178874853821,-73.97525281062195,L0_X0_Y6,40.79502378088036,-73.96933165600414,L0_X11_Y1,Heavy Quadcopter,8.28566289924816,400.0
FP000442,DP4,02:29:06,8946,40.77972557381685,-73.95364967224107,L0_X9_Y6,40.78260831013804,-73.97893840433984,L0_X7_Y1,Heavy Quadcopter,3.6912868195660558,400.0
FP000443,DP4,02:29:13,8953,40.77972557381685,-73.95364967224107,L0_X9_Y6,40.78025834443931,-73.9642447000679,L0_X8_Y4,Heavy Quadcopter,1.5326735993404057,400.0
FP000444,DP2,02:29:14,8954,40.75178874853821,-73.97525281062195,L0_X0_Y6,40.78903695328138,-73.94644458811004,L0_X12_Y6,Heavy Quadcopter,8.22857142857112,400.0
FP000445,DP2,02:29:28,8968,40.75178874853821,-73.97525281062195,L0_X0_Y6,40.75542541208789,-73.98344764387868,L0_X0_Y4,Heavy Quadcopter,1.371428571429162,400.0
FP000446,DP4,02:29:44,8984,40.77972557381685,-73.95364967224107,L0_X9_Y6,40.77533614275213,-73.9625487842263,L0_X7_Y5,Heavy Quadcopter,1.53303167749004,400.0
FP000447,DP2,02:29:49,8989,40.75178874853821,-73.97525281062195,L0_X0_Y6,40.782076458739475,-73.96834192725004,L0_X8_Y3,Heavy Quadcopter,5.85901524097361,400.0
FP000448,DP4,02:29:54,8994,40.77972557381685,-73.95364967224107,L0_X9_Y6,40.75489303911629,-73.97285335863229,L0_X1_Y6,Heavy Quadcopter,5.485714285713129,400.0
FP000449,DP2,02:30:10,9010,40.75178874853821,-73.97525281062195,L0_X0_Y6,40.78025834443931,-73.9642447000679,L0_X8_Y4,Heavy Quadcopter,5.6547933580810925,400.0
FP000450,DP4,02:30:11,9011,40.77972557381685,-73.95364967224107,L0_X9_Y6,40.78775161395421,-73.95294308880786,L0_X11_Y5,Heavy Quadcopter,1.5333180833673183,400.0
FP000451,DP2,02:30:20,9020,40.75178874853821,-73.97525281062195,L0_X0_Y6,40.76966039050614,-73.97794545612722,L0_X4_Y3,Heavy Quadcopter,3.42880196966423,400.0
FP000452,DP4,02:30:20,9020,40.77972557381685,-73.95364967224107,L0_X9_Y6,40.79630969977819,-73.96283199537866,L0_X12_Y2,Heavy Quadcopter,3.427802799572909,400.0
FP000453,DP4,02:30:28,9028,40.77972557381685,-73.95364967224107,L0_X9_Y6,40.75542541208789,-73.98344764387868,L0_X0_Y4,Heavy Quadcopter,6.3215982475666666,400.0
FP000454,DP2,02:30:47,9047,40.75178874853821,-73.97525281062195,L0_X0_Y6,40.794491730543776,-73.95873480737892,L0_X12_Y3,Heavy Quadcopter,8.48209683244937,400.0
FP000455,DP2,02:30:49,9049,40.75178874853821,-73.97525281062195,L0_X0_Y6,40.76345205793061,-73.98274587478204,L0_X2_Y3,Heavy Quadcopter,2.472537873653584,400.0
FP000456,DP2,02:31:31,9091,40.75178874853821,-73.97525281062195,L0_X0_Y6,40.76034781706346,-73.98514574781025,L0_X1_Y3,Heavy Quadcopter,2.1685101013394745,400.0
FP000457,DP5,02:31:55,9115,40.78752993194298,-73.9806349536158,L0_X8_Y0,40.797062694483365,-73.94573645991079,L0_X14_Y5,Heavy Quadcopter,5.354164428431124,400.0
FP000458,DP5,02:32:12,9132,40.78752993194298,-73.9806349536158,L0_X8_Y0,40.75906149595441,-73.99164337364796,L0_X0_Y2,Heavy Quadcopter,5.654544844005477,400.0
FP000459,DP5,02:32:32,9152,40.78752993194298,-73.9806349536158,L0_X8_Y0,40.79373766726678,-73.9758314478714,L0_X10_Y0,Heavy Quadcopter,1.371428571428579,400.0
FP000460,DP5,02:32:33,9153,40.78752993194298,-73.9806349536158,L0_X8_Y0,40.78646607999299,-73.95944172078832,L0_X10_Y4,Heavy Quadcopter,3.0654615003305303,400.0
FP000461,DP5,02:32:38,9158,40.78752993194298,-73.9806349536158,L0_X8_Y0,40.75852970266277,-73.98104806062648,L0_X1_Y4,Heavy Quadcopter,5.52834171188305,400.0
FP000462,DP5,02:33:47,9227,40.78752993194298,-73.9806349536158,L0_X8_Y0,40.78025834443931,-73.9642447000679,L0_X8_Y4,Heavy Quadcopter,2.7418321246047537,400.0
FP000463,DP2,02:34:08,9248,40.75178874853821,-73.97525281062195,L0_X0_Y6,40.7919199878898,-73.97173367988933,L0_X10_Y1,Heavy Quadcopter,7.666661899891657,400.0
FP000464,DP2,02:34:08,9248,40.75178874853821,-73.97525281062195,L0_X0_Y6,40.78646607999299,-73.95944172078832,L0_X10_Y4,Heavy Quadcopter,6.993192218497431,400.0
FP000465,DP4,02:34:18,9258,40.77972557381685,-73.95364967224107,L0_X9_Y6,40.80069906758288,-73.95392989998119,L0_X14_Y3,Heavy Quadcopter,3.9981692910079754,400.0
FP000466,DP2,02:34:38,9278,40.75178874853821,-73.97525281062195,L0_X0_Y6,40.77768649354284,-73.97724172324111,L0_X6_Y2,Heavy Quadcopter,4.944969158569348,400.0
FP000467,DP2,02:34:41,9281,40.75178874853821,-73.97525281062195,L0_X0_Y6,40.77329618442839,-73.98614110886417,L0_X4_Y1,Heavy Quadcopter,4.3908137640887315,400.0
FP000468,DP5,02:34:52,9292,40.78752993194298,-73.9806349536158,L0_X8_Y0,40.78881614509582,-73.97413547921235,L0_X9_Y1,Heavy Quadcopter,0.9695425818980936,400.0
FP000469,DP4,02:35:12,9312,40.77972557381685,-73.95364967224107,L0_X9_Y6,40.78571225250854,-73.9765370540152,L0_X8_Y1,Heavy Quadcopter,3.4950258371614606,400.0
FP000470,DP4,02:35:15,9315,40.77972557381685,-73.95364967224107,L0_X9_Y6,40.80069906758288,-73.95392989998119,L0_X14_Y3,Heavy Quadcopter,3.9981692910079754,400.0
FP000471,DP4,02:35:24,9324,40.77972557381685,-73.95364967224107,L0_X9_Y6,40.80433486093038,-73.96212423655568,L0_X14_Y1,Heavy Quadcopter,4.847826285213613,400.0
FP000472,DP5,02:35:46,9346,40.78752993194298,-73.9806349536158,L0_X8_Y0,40.77276448219434,-73.97554491041676,L0_X5_Y3,Heavy Quadcopter,2.908899599046608,400.0
FP000473,DP4,02:35:57,9357,40.77972557381685,-73.95364967224107,L0_X9_Y6,40.76730970436203,-73.96325330943415,L0_X5_Y6,Heavy Quadcopter,2.7428571428545583,400.0
FP000474,DP4,02:35:59,9359,40.77972557381685,-73.95364967224107,L0_X9_Y6,40.785933209920714,-73.94884650730775,L0_X11_Y6,Heavy Quadcopter,1.3714285714292747,400.0
FP000475,DP4,02:36:00,9360,40.77972557381685,-73.95364967224107,L0_X9_Y6,40.79577730984451,-73.95223556801028,L0_X13_Y4,Heavy Quadcopter,3.0665788725825998,400.0
FP000476,DP4,02:36:06,9366,40.77972557381685,-73.95364967224107,L0_X9_Y6,40.777154401997,-73.96664585306185,L0_X7_Y4,Heavy Quadcopter,1.9389041526475368,400.0
FP000477,DP4,02:36:08,9368,40.77972557381685,-73.95364967224107,L0_X9_Y6,40.80433486093038,-73.96212423655568,L0_X14_Y1,Heavy Quadcopter,4.847826285213613,400.0
FP000478,DP4,02:36:11,9371,40.77972557381685,-73.95364967224107,L0_X9_Y6,40.78389442810161,-73.97243937856285,L0_X8_Y2,Heavy Quadcopter,2.826091743304844,400.0
FP000479,DP5,02:36:15,9375,40.78752993194298,-73.9806349536158,L0_X8_Y0,40.76110147117264,-73.96805378236492,L0_X3_Y6,Heavy Quadcopter,5.355156895315523,400.0
FP000480,DP5,02:36:52,9412,40.78752993194298,-73.9806349536158,L0_X8_Y0,40.765270027388475,-73.9868437204482,L0_X2_Y2,Heavy Quadcopter,4.336797409958595,400.0
FP000481,DP2,02:37:17,9437,40.75178874853821,-73.97525281062195,L0_X0_Y6,40.80433486093038,-73.96212423655568,L0_X14_Y1,Heavy Quadcopter,10.194026361174092,400.0
FP000482,DP2,02:37:24,9444,40.75178874853821,-73.97525281062195,L0_X0_Y6,40.79395905079124,-73.94813889413503,L0_X13_Y5,Heavy Quadcopter,8.940780060308775,400.0
FP000483,DP4,02:37:29,9449,40.77972557381685,-73.95364967224107,L0_X9_Y6,40.76163394353471,-73.97864825325121,L0_X2_Y4,Heavy Quadcopter,4.9916707066168415,400.0
FP000484,DP5,02:37:42,9462,40.78752993194298,-73.9806349536158,L0_X8_Y0,40.77276448219434,-73.97554491041676,L0_X5_Y3,Heavy Quadcopter,2.908899599046608,400.0
FP000485,DP4,02:38:18,9498,40.77972557381685,-73.95364967224107,L0_X9_Y6,40.787529931942984,-73.9806349536158,L0_X8_Y0,Heavy Quadcopter,4.1693311032822775,400.0
FP000486,DP2,02:38:46,9526,40.75178874853821,-73.97525281062195,L0_X0_Y6,40.77223215052555,-73.96494964709085,L0_X6_Y5,Heavy Quadcopter,4.171195077398571,400.0
FP000487,DP5,02:38:58,9538,40.78752993194298,-73.9806349536158,L0_X8_Y0,40.77972557381685,-73.95364967224107,L0_X9_Y6,Heavy Quadcopter,4.169331103281845,400.0
FP000488,DP2,02:39:12,9552,40.75178874853821,-73.97525281062195,L0_X0_Y6,40.787529931942984,-73.9806349536158,L0_X8_Y0,Heavy Quadcopter,6.857142753346279,400.0
FP000489,DP4,02:39:16,9556,40.77972557381685,-73.95364967224107,L0_X9_Y6,40.78260831013804,-73.97893840433984,L0_X7_Y1,Heavy Quadcopter,3.6912868195660558,400.0
FP000490,DP2,02:39:19,9559,40.75178874853821,-73.97525281062195,L0_X0_Y6,40.782829416762496,-73.95124820200411,L0_X10_Y6,Heavy Quadcopter,6.857142857143199,400.0
FP000491,DP4,02:39:19,9559,40.77972557381685,-73.95364967224107,L0_X9_Y6,40.77405040979117,-73.9690467816812,L0_X6_Y4,Heavy Quadcopter,2.47184514533917,400.0
FP000492,DP2,02:39:40,9580,40.75178874853821,-73.97525281062195,L0_X0_Y6,40.75671144334132,-73.97695059757008,L0_X1_Y5,Heavy Quadcopter,0.9698596420309306,400.0
FP000493,DP2,02:39:42,9582,40.75178874853821,-73.97525281062195,L0_X0_Y6,40.76034781706346,-73.98514574781025,L0_X1_Y3,Heavy Quadcopter,2.1685101013394745,400.0
FP000494,DP4,02:39:51,9591,40.77972557381685,-73.95364967224107,L0_X9_Y6,40.76966039050614,-73.97794545612722,L0_X4_Y3,Heavy Quadcopter,3.997675056978798,400.0
FP000495,DP4,02:40:00,9600,40.77972557381685,-73.95364967224107,L0_X9_Y6,40.792140646834405,-73.94404244436902,L0_X13_Y6,Heavy Quadcopter,2.7428571428571296,400.0
FP000496,DP4,02:40:01,9601,40.77972557381685,-73.95364967224107,L0_X9_Y6,40.78699832071604,-73.97003786955823,L0_X9_Y2,Heavy Quadcopter,2.741704159662128,400.0
FP000497,DP4,02:40:12,9612,40.77972557381685,-73.95364967224107,L0_X9_Y6,40.798127524057385,-73.96692940751481,L0_X12_Y1,Heavy Quadcopter,3.9972135042986694,400.0
FP000498,DP2,02:40:13,9613,40.75178874853821,-73.97525281062195,L0_X0_Y6,40.79524429056968,-73.94164007604267,L0_X14_Y6,Heavy Quadcopter,9.60000000000068,400.0
FP000499,DP5,02:40:38,9638,40.78752993194298,-73.9806349536158,L0_X8_Y0,40.78881614509582,-73.97413547921235,L0_X9_Y1,Heavy Quadcopter,0.9695425818980936,400.0
FP000500,DP2,02:40:40,9640,40.75178874853821,-73.97525281062195,L0_X0_Y6,40.798127524057385,-73.96692940751481,L0_X12_Y1,Heavy Quadcopter,8.914433397868063,400.0
FP000501,DP4,02:41:10,9670,40.77972557381685,-73.95364967224107,L0_X9_Y6,40.77276448219434,-73.97554491041676,L0_X5_Y3,Heavy Quadcopter,3.427822101323524,400.0
FP000502,DP4,02:41:15,9675,40.77972557381685,-73.95364967224107,L0_X9_Y6,40.79888095349351,-73.94983306788735,L0_X14_Y4,Heavy Quadcopter,3.6927082176468415,400.0
FP000503,DP5,02:41:38,9698,40.78752993194298,-73.9806349536158,L0_X8_Y0,40.75671144334132,-73.97695059757008,L0_X1_Y5,Heavy Quadcopter,5.89864419213733,400.0
FP000504,DP5,02:41:48,9708,40.78752993194298,-73.9806349536158,L0_X8_Y0,40.7919199878898,-73.97173367988933,L0_X10_Y1,Heavy Quadcopter,1.5331605049675738,400.0
FP000505,DP2,02:42:00,9720,40.75178874853821,-73.97525281062195,L0_X0_Y6,40.79759542397701,-73.95633246600357,L0_X13_Y3,Heavy Quadcopter,9.148850410060126,400.0
FP000506,DP5,02:42:07,9727,40.78752993194298,-73.9806349536158,L0_X8_Y0,40.79684146022382,-73.97342935814612,L0_X11_Y0,Heavy Quadcopter,2.057142857143297,400.0
FP000507,DP4,02:42:10,9730,40.77972557381685,-73.95364967224107,L0_X9_Y6,40.76034781706346,-73.98514574781025,L0_X1_Y3,Heavy Quadcopter,5.85817200862609,400.0
FP000508,DP5,02:43:00,9780,40.78752993194298,-73.9806349536158,L0_X8_Y0,40.793205956564435,-73.96523417800812,L0_X11_Y2,Heavy Quadcopter,2.4719871221136867,400.0
FP000509,DP2,02:43:09,9789,40.75178874853821,-73.97525281062195,L0_X0_Y6,40.78464782082952,-73.95534484934042,L0_X10_Y5,Heavy Quadcopter,6.891502579918358,400.0
FP000510,DP2,02:43:16,9796,40.75178874853821,-73.97525281062195,L0_X0_Y6,40.78956987308414,-73.95703989441876,L0_X11_Y4,Heavy Quadcopter,7.666770792418744,400.0
FP000511,DP2,02:43:28,9808,40.75178874853821,-73.97525281062195,L0_X0_Y6,40.79502378088036,-73.96933165600414,L0_X11_Y1,Heavy Quadcopter,8.28566289924816,400.0
FP000512,DP2,02:43:31,9811,40.75178874853821,-73.97525281062195,L0_X0_Y6,40.78881614509582,-73.97413547921235,L0_X9_Y1,Heavy Quadcopter,7.060000554315264,400.0
FP000513,DP4,02:43:42,9822,40.77972557381685,-73.95364967224107,L0_X9_Y6,40.79577730984451,-73.95223556801028,L0_X13_Y4,Heavy Quadcopter,3.0665788725825998,400.0
FP000514,DP5,02:43:57,9837,40.78752993194298,-73.9806349536158,L0_X8_Y0,40.77223215052555,-73.96494964709085,L0_X6_Y5,Heavy Quadcopter,3.6917923065783786,400.0
FP000515,DP2,02:44:07,9847,40.75178874853821,-73.97525281062195,L0_X0_Y6,40.77041374635636,-73.96085273661522,L0_X6_Y6,Heavy Quadcopter,4.1142857142848035,400.0
FP000516,DP4,02:44:19,9859,40.77972557381685,-73.95364967224107,L0_X9_Y6,40.782076458739475,-73.96834192725004,L0_X8_Y3,Heavy Quadcopter,2.1675075000309154,400.0
FP000517,DP5,02:44:54,9894,40.78752993194298,-73.9806349536158,L0_X8_Y0,40.79267361637135,-73.95463784350675,L0_X12_Y4,Heavy Quadcopter,3.8778986055011164,400.0
FP000518,DP2,02:45:37,9937,40.75178874853821,-73.97525281062195,L0_X0_Y6,40.76730970436203,-73.96325330943415,L0_X5_Y6,Heavy Quadcopter,3.4285714285733735,400.0
FP000519,DP4,02:45:41,9941,40.77972557381685,-73.95364967224107,L0_X9_Y6,40.7999452033641,-73.97102704379611,L0_X12_Y0,Heavy Quadcopter,4.598364193118218,400.0
FP000520,DP5,02:45:42,9942,40.78752993194298,-73.9806349536158,L0_X8_Y0,40.79138798729329,-73.96113692414926,L0_X11_Y3,Heavy Quadcopter,2.9084918819276453,400.0
FP000521,DP5,02:45:58,9958,40.78752993194298,-73.9806349536158,L0_X8_Y0,40.79138798729329,-73.96113692414926,L0_X11_Y3,Heavy Quadcopter,2.9084918819276453,400.0
FP000522,DP5,02:45:58,9958,40.78752993194298,-73.9806349536158,L0_X8_Y0,40.77768649354284,-73.97724172324111,L0_X6_Y2,Heavy Quadcopter,1.9392210908667793,400.0
FP000523,DP5,02:45:59,9959,40.78752993194298,-73.9806349536158,L0_X8_Y0,40.79888095349351,-73.94983306788735,L0_X14_Y4,Heavy Quadcopter,4.943761073627247,400.0
FP000524,DP4,02:46:08,9968,40.77972557381685,-73.95364967224107,L0_X9_Y6,40.76163394353471,-73.97864825325121,L0_X2_Y4,Heavy Quadcopter,4.9916707066168415,400.0
FP000525,DP4,02:46:32,9992,40.77972557381685,-73.95364967224107,L0_X9_Y6,40.765270027388475,-73.9868437204482,L0_X2_Y2,Heavy Quadcopter,5.527610931510424,400.0
FP000526,DP5,02:46:35,9995,40.78752993194298,-73.9806349536158,L0_X8_Y0,40.797062694483365,-73.94573645991079,L0_X14_Y5,Heavy Quadcopter,5.354164428431124,400.0
FP000527,DP2,02:46:50,10010,40.75178874853821,-73.97525281062195,L0_X0_Y6,40.765270027388475,-73.9868437204482,L0_X2_Y2,Heavy Quadcopter,3.066722075740752,400.0
FP000528,DP5,02:46:52,10012,40.78752993194298,-73.9806349536158,L0_X8_Y0,40.77950431799445,-73.98133953022825,L0_X6_Y1,Heavy Quadcopter,1.533217806659594,400.0
FP000529,DP4,02:47:00,10020,40.77972557381685,-73.95364967224107,L0_X9_Y6,40.76291987538491,-73.97215088997942,L0_X3_Y5,Heavy Quadcopter,4.170831870992952,400.0
FP000530,DP4,02:47:02,10022,40.77972557381685,-73.95364967224107,L0_X9_Y6,40.75360715276483,-73.97935011519063,L0_X0_Y5,Heavy Quadcopter,6.209216011409355,400.0
FP000531,DP5,02:47:11,10031,40.78752993194298,-73.9806349536158,L0_X8_Y0,40.78389442810161,-73.97243937856285,L0_X8_Y2,Heavy Quadcopter,1.370916015420077,400.0
FP000532,DP2,02:47:20,10040,40.75178874853821,-73.97525281062195,L0_X0_Y6,40.764205612630754,-73.9656536580034,L0_X4_Y6,Heavy Quadcopter,2.7428571428580852,400.0
FP000533,DP2,02:47:23,10043,40.75178874853821,-73.97525281062195,L0_X0_Y6,40.76655624908154,-73.98034577756833,L0_X3_Y3,Heavy Quadcopter,2.909443102356193,400.0
FP000534,DP5,02:47:39,10059,40.78752993194298,-73.9806349536158,L0_X8_Y0,40.78154397791421,-73.95774638539304,L0_X9_Y5,Heavy Quadcopter,3.4950571241893464,400.0
FP000535,DP2,02:47:42,10062,40.75178874853821,-73.97525281062195,L0_X0_Y6,40.77094636783194,-73.97144748596789,L0_X5_Y4,Heavy Quadcopter,3.6929222692418473,400.0
FP000536,DP4,02:47:42,10062,40.77972557381685,-73.95364967224107,L0_X9_Y6,40.78571225250854,-73.9765370540152,L0_X8_Y1,Heavy Quadcopter,3.4950258371614606,400.0
FP000537,DP2,02:47:53,10073,40.75178874853821,-73.97525281062195,L0_X0_Y6,40.77950431799445,-73.98133953022825,L0_X6_Y1,Heavy Quadcopter,5.355722737427237,400.0
FP000538,DP4,02:48:01,10081,40.77972557381685,-73.95364967224107,L0_X9_Y6,40.78699832071604,-73.97003786955823,L0_X9_Y2,Heavy Quadcopter,2.741704159662128,400.0
FP000539,DP5,02:48:45,10125,40.78752993194298,-73.9806349536158,L0_X8_Y0,40.77844008521837,-73.96014769700768,L0_X8_Y5,Heavy Quadcopter,3.427290214363547,400.0
FP000540,DP4,02:48:58,10138,40.77972557381685,-73.95364967224107,L0_X9_Y6,40.75799727999779,-73.97045368256057,L0_X2_Y6,Heavy Quadcopter,4.799999999999862,400.0
FP000541,DP2,02:49:07,10147,40.75178874853821,-73.97525281062195,L0_X0_Y6,40.77844008521837,-73.96014769700768,L0_X8_Y5,Heavy Quadcopter,5.528564168688352,400.0
FP000542,DP2,02:49:24,10164,40.75178874853821,-73.97525281062195,L0_X0_Y6,40.79138798729329,-73.96113692414926,L0_X11_Y3,Heavy Quadcopter,7.818623771261646,400.0
FP000543,DP5,02:49:31,10171,40.78752993194298,-73.9806349536158,L0_X8_Y0,40.80123121741077,-73.96452693437932,L0_X13_Y1,Heavy Quadcopter,3.496388859069348,400.0
FP000544,DP5,02:49:34,10174,40.78752993194298,-73.9806349536158,L0_X8_Y0,40.77405040979117,-73.9690467816812,L0_X6_Y4,Heavy Quadcopter,3.065919953792757,400.0
FP000545,DP4,02:49:40,10180,40.77972557381685,-73.95364967224107,L0_X9_Y6,40.777154401997,-73.96664585306185,L0_X7_Y4,Heavy Quadcopter,1.9389041526475368,400.0
FP000546,DP5,02:49:47,10187,40.78752993194298,-73.9806349536158,L0_X8_Y0,40.79395905079124,-73.94813889413503,L0_X13_Y5,Heavy Quadcopter,4.847260048399761,400.0
FP000547,DP4,02:49:48,10188,40.77972557381685,-73.95364967224107,L0_X9_Y6,40.79010216354035,-73.96763613605397,L0_X10_Y2,Heavy Quadcopter,2.8262160214932663,400.0
FP000548,DP2,02:49:50,10190,40.75178874853821,-73.97525281062195,L0_X0_Y6,40.77405040979117,-73.9690467816812,L0_X6_Y4,Heavy Quadcopter,4.337080939255154,400.0
FP000549,DP4,02:50:21,10221,40.77972557381685,-73.95364967224107,L0_X9_Y6,40.785933209920714,-73.94884650730775,L0_X11_Y6,Heavy Quadcopter,1.3714285714292747,400.0
FP000550,DP5,02:50:22,10222,40.78752993194298,-73.9806349536158,L0_X8_Y0,40.80615254015405,-73.96622174105397,L0_X14_Y0,Heavy Quadcopter,4.114285714285836,400.0
FP000551,DP4,02:50:30,10230,40.77972557381685,-73.95364967224107,L0_X9_Y6,40.77329618442839,-73.98614110886417,L0_X4_Y1,Heavy Quadcopter,4.84759997568984,400.0
FP000552,DP4,02:50:36,10236,40.77972557381685,-73.95364967224107,L0_X9_Y6,40.78903695328138,-73.94644458811004,L0_X12_Y6,Heavy Quadcopter,2.057142857143188,400.0
FP000553,DP2,02:50:55,10255,40.75178874853821,-73.97525281062195,L0_X0_Y6,40.7999452033641,-73.97102704379611,L0_X12_Y0,Heavy Quadcopter,9.199822361925639,400.0
FP000554,DP2,02:51:22,10282,40.75178874853821,-73.97525281062195,L0_X0_Y6,40.78464782082952,-73.95534484934042,L0_X10_Y5,Heavy Quadcopter,6.891502579918358,400.0
FP000555,DP4,02:51:27,10287,40.77972557381685,-73.95364967224107,L0_X9_Y6,40.76345205793061,-73.98274587478204,L0_X2_Y3,Heavy Quadcopter,5.221638949922884,400.0
FP000556,DP2,02:51:39,10299,40.75178874853821,-73.97525281062195,L0_X0_Y6,40.757243526490164,-73.98754539669487,L0_X0_Y3,Heavy Quadcopter,2.057142857145578,400.0
FP000557,DP5,02:51:48,10308,40.78752993194298,-73.9806349536158,L0_X8_Y0,40.77768649354284,-73.97724172324111,L0_X6_Y2,Heavy Quadcopter,1.9392210908667793,400.0
FP000558,DP4,02:52:09,10329,40.77972557381685,-73.95364967224107,L0_X9_Y6,40.79373766726678,-73.9758314478714,L0_X10_Y0,Heavy Quadcopter,4.169331039033631,400.0
FP000559,DP4,02:52:23,10343,40.77972557381685,-73.95364967224107,L0_X9_Y6,40.78956987308414,-73.95703989441876,L0_X11_Y4,Heavy Quadcopter,1.939266474451503,400.0
FP000560,DP5,02:52:32,10352,40.78752993194298,-73.9806349536158,L0_X8_Y0,40.79759542397701,-73.95633246600357,L0_X13_Y3,Heavy Quadcopter,3.9977243061195944,400.0
FP000561,DP5,02:53:12,10392,40.78752993194298,-73.9806349536158,L0_X8_Y0,40.79010216354035,-73.96763613605397,L0_X10_Y2,Heavy Quadcopter,1.939039874968119,400.0
FP000562,DP4,02:53:42,10422,40.77972557381685,-73.95364967224107,L0_X9_Y6,40.77533614275213,-73.9625487842263,L0_X7_Y5,Heavy Quadcopter,1.53303167749004,400.0
FP000563,DP2,02:53:45,10425,40.75178874853821,-73.97525281062195,L0_X0_Y6,40.764205612630754,-73.9656536580034,L0_X4_Y6,Heavy Quadcopter,2.7428571428580852,400.0
FP000564,DP4,02:54:06,10446,40.77972557381685,-73.95364967224107,L0_X9_Y6,40.765270027388475,-73.9868437204482,L0_X2_Y2,Heavy Quadcopter,5.527610931510424,400.0
FP000565,DP2,02:54:12,10452,40.75178874853821,-73.97525281062195,L0_X0_Y6,40.77019204302611,-73.98854156169558,L0_X3_Y1,Heavy Quadcopter,3.9984493800501992,400.0
FP000566,DP4,02:54:27,10467,40.77972557381685,-73.95364967224107,L0_X9_Y6,40.75799727999779,-73.97045368256057,L0_X2_Y6,Heavy Quadcopter,4.799999999999862,400.0
FP000567,DP5,02:54:29,10469,40.78752993194298,-73.9806349536158,L0_X8_Y0,40.803048896677566,-73.96862450477941,L0_X13_Y0,Heavy Quadcopter,3.42857142857101,400.0
FP000568,DP5,02:54:35,10475,40.78752993194298,-73.9806349536158,L0_X8_Y0,40.76110147117264,-73.96805378236492,L0_X3_Y6,Heavy Quadcopter,5.355156895315523,400.0
FP000569,DP5,02:54:36,10476,40.78752993194298,-73.9806349536158,L0_X8_Y0,40.782829416762496,-73.95124820200411,L0_X10_Y6,Heavy Quadcopter,4.335014764742993,400.0
FP000570,DP2,02:54:53,10493,40.75178874853821,-73.97525281062195,L0_X0_Y6,40.75981568421803,-73.97455085584699,L0_X2_Y5,Heavy Quadcopter,1.5334469442645464,400.0
FP000571,DP2,02:55:01,10501,40.75178874853821,-73.97525281062195,L0_X0_Y6,40.7999452033641,-73.97102704379611,L0_X12_Y0,Heavy Quadcopter,9.199822361925639,400.0
FP000572,DP5,02:55:01,10501,40.78752993194298,-73.9806349536158,L0_X8_Y0,40.75981568421803,-73.97455085584699,L0_X2_Y5,Heavy Quadcopter,5.355394706885967,400.0
FP000573,DP2,02:55:04,10504,40.75178874853821,-73.97525281062195,L0_X0_Y6,40.75671144334132,-73.97695059757008,L0_X1_Y5,Heavy Quadcopter,0.9698596420309306,400.0
FP000574,DP4,02:55:28,10528,40.77972557381685,-73.95364967224107,L0_X9_Y6,40.764205612630754,-73.9656536580034,L0_X4_Y6,Heavy Quadcopter,3.4285714285698488,400.0
FP000575,DP5,02:55:39,10539,40.78752993194298,-73.9806349536158,L0_X8_Y0,40.77405040979117,-73.9690467816812,L0_X6_Y4,Heavy Quadcopter,3.065919953792757,400.0
FP000576,DP4,02:55:42,10542,40.77972557381685,-73.95364967224107,L0_X9_Y6,40.764738134693616,-73.97624822171096,L0_X3_Y4,Heavy Quadcopter,4.336412653404345,400.0
FP000577,DP2,02:56:01,10561,40.75178874853821,-73.97525281062195,L0_X0_Y6,40.77586852413602,-73.97314414039505,L0_X6_Y3,Heavy Quadcopter,4.600169014968259,400.0
FP000578,DP4,02:56:05,10565,40.77972557381685,-73.95364967224107,L0_X9_Y6,40.77041374635636,-73.96085273661522,L0_X6_Y6,Heavy Quadcopter,2.0571428571431296,400.0
FP000579,DP2,02:56:26,10586,40.75178874853821,-73.97525281062195,L0_X0_Y6,40.78881614509582,-73.97413547921235,L0_X9_Y1,Heavy Quadcopter,7.060000554315264,400.0
FP000580,DP2,02:56:44,10604,40.75178874853821,-73.97525281062195,L0_X0_Y6,40.79502378088036,-73.96933165600414,L0_X11_Y1,Heavy Quadcopter,8.28566289924816,400.0
FP000581,DP5,02:56:45,10605,40.78752993194298,-73.9806349536158,L0_X8_Y0,40.77458245161872,-73.97964255899865,L0_X5_Y2,Heavy Quadcopter,2.4722003429538364,400.0
FP000582,DP4,02:57:02,10622,40.77972557381685,-73.95364967224107,L0_X9_Y6,40.80069906758288,-73.95392989998119,L0_X14_Y3,Heavy Quadcopter,3.9981692910079754,400.0
FP000583,DP5,02:57:17,10637,40.78752993194298,-73.9806349536158,L0_X8_Y0,40.77276448219434,-73.97554491041676,L0_X5_Y3,Heavy Quadcopter,2.908899599046608,400.0
FP000584,DP5,02:57:30,10650,40.78752993194298,-73.9806349536158,L0_X8_Y0,40.75852970266277,-73.98104806062648,L0_X1_Y4,Heavy Quadcopter,5.52834171188305,400.0
FP000585,DP4,02:57:50,10670,40.77972557381685,-73.95364967224107,L0_X9_Y6,40.79888095349351,-73.94983306788735,L0_X14_Y4,Heavy Quadcopter,3.6927082176468415,400.0
FP000586,DP5,02:58:23,10703,40.78752993194298,-73.9806349536158,L0_X8_Y0,40.78699832071604,-73.97003786955823,L0_X9_Y2,Heavy Quadcopter,1.532788015304845,400.0
FP000587,DP2,02:58:35,10715,40.75178874853821,-73.97525281062195,L0_X0_Y6,40.77458245161872,-73.97964255899865,L0_X5_Y2,Heavy Quadcopter,4.390913782078042,400.0
FP000588,DP2,02:58:37,10717,40.75178874853821,-73.97525281062195,L0_X0_Y6,40.757243526490164,-73.98754539669487,L0_X0_Y3,Heavy Quadcopter,2.057142857145578,400.0
FP000589,DP4,02:58:45,10725,40.77972557381685,-73.95364967224107,L0_X9_Y6,40.76912810854876,-73.96735028564328,L0_X5_Y5,Heavy Quadcopter,2.827047220348951,400.0
FP000590,DP4,02:58:46,10726,40.77972557381685,-73.95364967224107,L0_X9_Y6,40.797062694483365,-73.94573645991079,L0_X14_Y5,Heavy Quadcopter,3.496570993350224,400.0
FP000591,DP5,02:58:46,10726,40.78752993194298,-73.9806349536158,L0_X8_Y0,40.78956987308414,-73.95703989441876,L0_X11_Y4,Heavy Quadcopter,3.4274439208440586,400.0
FP000592,DP5,02:58:48,10728,40.78752993194298,-73.9806349536158,L0_X8_Y0,40.76655624908154,-73.98034577756833,L0_X3_Y3,Heavy Quadcopter,3.998218692274958,400.0
FP000593,DP2,02:58:50,10730,40.75178874853821,-73.97525281062195,L0_X0_Y6,40.767087851891134,-73.99094179025853,L0_X2_Y1,Heavy Quadcopter,3.692743900018197,400.0
FP000594,DP4,02:58:52,10732,40.77972557381685,-73.95364967224107,L0_X9_Y6,40.78775161395421,-73.95294308880786,L0_X11_Y5,Heavy Quadcopter,1.5333180833673183,400.0
FP000595,DP2,02:59:14,10754,40.75178874853821,-73.97525281062195,L0_X0_Y6,40.768374218531434,-73.98444355756025,L0_X3_Y2,Heavy Quadcopter,3.4287251270622745,400.0
FP000596,DP5,02:59:23,10763,40.78752993194298,-73.9806349536158,L0_X8_Y0,40.76655624908154,-73.98034577756833,L0_X3_Y3,Heavy Quadcopter,3.998218692274958,400.0
FP000597,DP4,02:59:30,10770,40.77972557381685,-73.95364967224107,L0_X9_Y6,40.784425989596436,-73.98303636971889,L0_X7_Y0,Heavy Quadcopter,4.335197146025258,400.0
FP000598,DP5,02:59:47,10787,40.78752993194298,-73.9806349536158,L0_X8_Y0,40.768374218531434,-73.98444355756025,L0_X3_Y2,Heavy Quadcopter,3.692613059010985,400.0
FP000599,DP5,02:59:48,10788,40.78752993194298,-73.9806349536158,L0_X8_Y0,40.79524429056968,-73.94164007604267,L0_X14_Y6,Heavy Quadcopter,5.816576213345974,400.0
FP000600,DP4,02:59:52,10792,40.77972557381685,-73.95364967224107,L0_X9_Y6,40.75799727999779,-73.97045368256057,L0_X2_Y6,Heavy Quadcopter,4.799999999999862,400.0
